DATETIME,Flow15MinLiters,BkpDisDate,NO3_corrected_mgL,TempC,Conductivity,SpConductivity,pH,ODOPerCent,ODOMGL,TurbidityFNU,TurbidityRaw,FDOMRFU,FDOM_corrected_QSU,USFS_Stage,USFS_Q,ABS254_SUNA,DOYSin,DOYCos,BkpSenseDate,TimeDiff,Ca,Mg,K,Na,TMAl,OMAl,Al_ICP,NH4,SO4,NO3,Cl,PO4,DOC,TDN,DON,SiO2,Mn,Fe,F,cationCharge,anionCharge,ionError,ionBalance,BkpGrabDate,SenseGrabTimeDiff,DisGrabTimeDiff
6/3/2013 11:55,18708.66,6/3/2013 11:45,0.022,12.09,8.85,11.73,5.71,93.82,10.07,0.27,0.01,12.71,38.03,14.6304,20.78779,0.07273,-0.321057654,0.947059651,6/3/2013 11:46,1,0.5862,0.1708,0.1213,0.9706,0.0736,0.0436,0.1139,0.0128,2.7723,0.0253,0.6674,0.0015,2.7577,0.1285,0.1109,2.6415,0.0069,0.0025,0.0693,99.52,-97.8873,0.0165,1.6327,6/3/2013 11:55,9,10
6/10/2013 10:15,7474.77,6/10/2013 10:00,0.012,10.75,8.96,12.11,5.89,95.32,10.5,0.24,0.01,10.13,30.39,10.0584,8.30404,0.05419,-0.204966114,0.97876907,6/10/2013 10:02,2,0.6751,0.1981,0.0788,0.941,0.0552,0.0341,0.1227,0.0026,2.9158,0.0253,0.4913,0.006,2.0523,0.0495,0.0588,5.5776,0.0037,0.0025,0.0325,100.7298,-95.9159,0.049,4.8139,6/10/2013 10:15,13,15
6/17/2013 9:55,6931.98,6/17/2013 9:45,0.014,10.91,9.05,12,5.93,94.44,10.32,0.26,0.01,9.68,29.04,9.7536,7.70124,0.05179,-0.085906104,0.996303238,6/17/2013 9:46,1,0.719,0.2098,0.0941,0.928,0.0516,0.0333,0.1131,0.0026,3.0419,0.0253,0.4104,0.0068,2.1712,0.105,0.0973,5.994,0.0043,0.0025,0.0325,103.0012,-97.8361,0.0514,5.1651,6/17/2013 9:55,9,10
6/24/2013 11:05,4169.34,6/24/2013 11:00,0.018,13.95,10.18,12.34,6.02,94.68,9.62,0.2,0.01,9.08,27.29,7.9248,4.63146,0.06386,0.034398061,0.999408212,6/24/2013 11:02,2,0.6495,0.1927,0.0894,0.9395,0.035,0.026,0.0852,0.0097,3.0649,0.0253,0.4492,0.0033,2.1518,0.0495,0.0803,5.7705,0.0025,0.0025,0.0325,97.0814,-101.5696,-0.0452,-4.4882,6/24/2013 11:05,3,5
7/1/2013 10:00,9248.58,7/1/2013 9:45,0.02,13.84,9.63,11.51,5.87,95.48,9.68,0.33,0.01,10.49,31.46,10.9728,10.27622,0.06394,0.154204048,0.988039023,7/1/2013 9:46,1,0.6663,0.195,0.0802,1.0459,0.0453,0.0324,0.1226,0.0026,2.8149,0.0253,0.3778,0.0015,2.4179,0.1099,0.1007,5.541,0.0044,0.0025,0.0325,103.5409,-91.1095,0.1277,12.4314,7/1/2013 10:00,14,15
7/15/2013 10:10,4572,7/15/2013 10:00,0.037,16.02,10.69,12.91,6,94.32,9.31,0.19,0,6.83,20.63,8.2296,5.07994,0.00704,0.385413359,0.922744029,7/15/2013 10:02,2,0.6777,0.1933,0.099,1.3574,0.0433,0.0312,0.1186,0.0026,2.9366,0.0253,0.384,0.0041,2.2648,0.1036,0.0923,6.1838,0.0049,0.0025,0.0325,117.4357,-96.1982,0.1988,21.2375,7/15/2013 10:10,8,10
7/22/2013 9:40,1694.79,7/22/2013 9:30,0.046,15.42,12.13,14.85,6.12,91.99,9.19,0.16,0,5.78,18.81,5.4864,1.88196,0.00929,0.493468142,0.869763872,7/22/2013 9:32,2,0.7256,0.1978,0.0875,1.1011,0.0471,0.0277,0.1032,0.0026,3.0326,0.0253,0.4244,0.0015,2.3252,0.1013,0.0914,6.632,0.0052,0.0025,0.0325,109.372,-106.7923,0.0239,2.5797,7/22/2013 9:40,8,10
7/29/2013 9:35,4572,7/29/2013 9:30,0.046,15.32,11.15,13.67,6.08,93.47,9.36,0.2,0,6.58,22.5,8.2296,5.07994,0.01282,0.594376157,0.804187158,7/29/2013 9:32,2,0.6992,0.1873,0.1022,1.0269,0.0467,0.0281,0.112,0.0026,2.8905,0.089,0.4406,0.0015,2.4851,0.0495,0.0757,6.0654,0.0054,0.0025,0.1046,103.9647,-105.0178,-0.0101,-1.053,7/29/2013 9:35,3,5
8/19/2013 11:45,1473.03,8/19/2013 11:30,0.052,14.42,12.15,15.23,6.32,94.88,9.69,0.19,0,4.82,21.18,5.1816,1.63613,-0.00512,0.84024807,0.542202159,8/19/2013 11:32,2,0.814,0.2281,0.0835,1.358,0.0363,0.0252,0.0962,0.0026,3.2452,0.1494,0.3544,0.0015,2.0885,0.1266,0.092,6.9069,0.0025,0.0025,0.0325,125.5328,-113.8633,0.0975,11.6694,8/19/2013 11:45,13,15
8/26/2013 10:40,423.09,8/26/2013 10:30,0.074,14.58,15.53,19.39,6.47,92.99,9.46,0.19,0,3.99,19.98,3.048,0.44612,-0.00296,0.899296192,0.437340096,8/26/2013 10:32,2,0.8267,0.2694,0.1538,1.612,0.034,0.0238,0.1165,0.0066,3.6405,0.2741,0.4486,0.0032,2.0603,0.1457,0.0786,8.1836,0.0057,0.0085,0.0325,142.2597,-136.081,0.0444,6.1787,8/26/2013 10:40,8,10
9/3/2013 9:50,8040.6,9/3/2013 9:45,0.102,15.62,10.88,13.26,5.8,92.92,9.25,0.45,0.02,10.96,32.26,10.3632,8.934,0.03603,0.950790372,0.309834904,9/3/2013 9:46,1,0.7713,0.2098,0.0989,1.3001,0.0507,0.0356,0.1257,0.0026,2.8318,0.3458,0.3377,0.0015,2.8156,0.1913,0.1093,6.1862,0.0062,0.0025,0.0325,121.6386,-104.9857,0.147,16.6529,9/3/2013 9:50,4,5
9/9/2013 10:45,639.72,9/9/2013 10:30,0.044,10.26,11.89,16.55,6.13,92.87,10.42,0.64,0.02,7.77,22.75,3.6576,0.7108,-0.00419,0.977653084,0.210224752,9/9/2013 10:32,2,0.8798,0.2739,0.1141,1.5837,0.0358,0.0249,0.0831,0.0026,3.4808,0.1433,0.3577,0.0042,2.0253,0.1027,0.068,8.2038,0.0033,0.0025,0.0325,142.9208,-125.2109,0.1321,17.7099,9/9/2013 10:45,13,15
9/16/2013 10:35,4169.34,9/16/2013 10:30,0.058,12.25,10.1,13.35,5.87,93.5,10.02,0.6,0.02,9.92,29.17,7.9248,4.6326,0.00429,0.995827034,0.091260722,9/16/2013 10:32,2,0.7384,0.2018,0.0747,1.0759,0.047,0.0324,0.1256,0.0026,2.9767,0.1558,0.3179,0.0015,2.3673,0.1324,0.0947,5.8812,0.001,0.0025,0.0325,108.5273,-103.0411,0.0519,5.4862,9/16/2013 10:35,3,5
9/23/2013 10:45,4169.34,9/23/2013 10:30,0.056,10.04,9.66,13.53,5.9,93.4,10.53,0.7,0.02,9.83,28.89,7.9248,4.6326,-0.00453,0.999578686,-0.029025013,9/23/2013 10:32,2,0.7346,0.203,0.1012,1.0165,0.0419,0.0299,0.1063,0.0132,2.9922,0.1375,0.3357,0.0015,2.3266,0.1219,0.0807,6.0108,0.005,0.0025,0.0325,106.3679,-104.1635,0.0209,2.2044,9/23/2013 10:45,13,15
9/30/2013 9:20,1269.18,9/30/2013 9:15,0.025,10.82,11.66,15.99,6.04,91.59,10.14,0.68,0.02,7.93,23.23,4.8768,1.4102,-0.01347,0.988853706,-0.148890387,9/30/2013 9:17,2,0.804,0.2387,0.1643,1.276,0.0323,0.0238,0.0779,0.0086,3.4763,0.0253,0.3514,0.0015,2.0624,0.0495,0.0505,7.3359,0.0024,0.0025,0.0325,124.0304,-124.4582,-0.0034,-0.4278,9/30/2013 9:20,3,5
10/7/2013 8:25,3086.28,10/7/2013 8:15,0.024,10.79,12.15,16.68,6,91.9,10.19,0.71,0.02,9.68,28.45,7.0104,3.4292,0.01106,0.963807423,-0.266599421,10/7/2013 8:17,2,0.7949,0.2495,0.8038,1.5249,0.0379,0.0305,0.1083,0.0026,3.4402,0.0253,0.4686,0.0015,2.9712,0.1004,0.0909,6.8838,0.0133,0.0066,0.0325,152.0136,-131.7541,0.1428,20.2594,10/7/2013 8:25,8,10
11/25/2013 10:35,6931.98,11/25/2013 10:30,0.286,0.49,12.16,22.24,5.72,94.88,13.71,1.01,0,4.69,14.23,9.7536,7.7022,0.01381,0.442168152,-0.896932174,11/25/2013 10:32,2,0.7389,0.2474,0.1063,1.0192,0.0387,0.0285,0.0928,0.0084,3.0974,0.9188,0.4518,0.0015,2.022,0.2975,0.0834,6.0693,0.0044,0.0025,0.0325,110.5359,-111.8064,-0.0114,-1.2705,11/25/2013 10:35,3,5
12/2/2013 12:15,9248.58,12/2/2013 12:00,0.387,2.21,14.27,23.23,5.59,94.7,13.11,1.1,0,4.77,16.47,10.9728,10.2762,0.01987,0.331221228,-0.943553124,12/2/2013 12:02,2,0.7237,0.2327,0.1109,0.9156,0.0609,0.0351,0.0952,0.0026,2.692,1.3791,0.3865,0.0015,1.9563,0.4508,0.1376,5.3928,0.0069,0.0025,0.0325,106.975,-105.821,0.0108,1.1539,12/2/2013 12:15,13,15
12/9/2013 12:35,7474.77,12/9/2013 12:30,0.35,0.5,13.44,21.83,5.65,94.71,13.8,1.12,0,4.27,17.03,10.0584,8.3053,0.02261,0.215477315,-0.976508846,12/9/2013 12:32,2,0.7437,0.2415,0.1133,1.0189,0.0528,0.0323,0.0875,0.0026,2.8087,1.2807,0.3454,0.0015,1.8333,0.3853,0.092,5.7332,0.0059,0.0025,0.0325,112.2073,-105.1886,0.0646,7.0187,12/9/2013 12:35,3,5
12/16/2013 10:50,4169.34,12/16/2013 10:45,0.312,0.41,13.46,20.57,5.62,93.1,13.67,1.2,0,3.35,16.36,7.9248,4.6326,0.01855,0.096612702,-0.995322051,12/16/2013 10:46,1,0.7033,0.2337,0.1291,1.1909,0.0352,0.0234,0.0985,0.0079,3.0053,1.0927,0.3225,0.0031,1.6459,0.3242,0.0713,5.9431,0.0037,0.0188,0.0325,115.1667,-107.3227,0.0705,7.844,12/16/2013 10:50,4,5
12/23/2013 11:30,16858.44,12/23/2013 11:15,0.426,1.7,13.68,18.44,5.57,94.06,13.38,1.25,0,5.15,23.55,14.0208,18.7316,0.02666,-0.023651127,-0.999720273,12/23/2013 11:17,2,0.7469,0.2362,0.1011,0.8796,0.0675,0.0347,0.1319,0.0026,2.5605,1.6119,0.4747,0.0037,1.8713,0.4495,0.0825,5.3094,0.0117,0.011,0.0325,107.3943,-108.1136,-0.0067,-0.7193,12/23/2013 11:30,13,15
12/30/2013 11:20,5446.17,12/30/2013 11:15,0.366,1.02,13.4,17.11,5.73,92.91,13.53,1.32,0,3.57,20.98,8.8392,6.0513,0.01749,-0.143572423,-0.989639813,12/30/2013 11:17,2,0.7351,0.2376,0.1082,1.0476,0.0503,0.0283,0.103,0.0026,2.8403,1.2827,0.3382,0.0015,1.5903,0.3625,0.0695,5.8269,0.0049,0.0153,0.0325,111.9206,-107.8625,0.0369,4.0581,12/30/2013 11:20,3,5
1/7/2014 9:35,24965.19,1/7/2014 9:30,0.562,0.09,13.15,15.91,5.33,92.23,13.86,1.37,0,6.9,32.82,16.4592,27.7391,0.03763,-0.282107663,-0.959382753,1/7/2014 9:32,2,0.7889,0.2441,0.1229,0.8715,0.0937,0.0392,0.1588,0.0092,2.4435,2.2797,0.3196,0.0034,1.9638,0.6254,0.1032,5.139,0.0142,0.0185,0.0325,114.7454,-112.0056,0.0242,2.7398,1/7/2014 9:35,3,5
1/13/2014 10:20,27289.44,1/13/2014 10:15,0.657,1.03,8.22,15.17,5.2,94.79,13.46,1.48,0.03,11.83,33.26,17.0688,30.3216,-0.03435,-0.379452844,-0.925211078,1/13/2014 10:17,2,0.9016,0.2572,0.2978,0.9586,0.1078,0.0448,0.1552,0.0026,2.2826,2.776,0.3086,0.0015,1.9954,0.6776,0.0326,5.3961,0.0153,0.0025,0.0325,131.6658,-113.9227,0.1445,17.7431,1/13/2014 10:20,3,5
1/20/2014 11:40,8631.81,1/20/2014 11:30,0.518,0.77,7.81,14.53,5.54,92.94,13.3,1.47,0.03,9.69,26.97,10.668,9.5909,-0.02615,-0.487847145,-0.872929071,1/20/2014 11:32,2,0.7996,0.2466,0.1096,0.8857,0.066,0.0341,0.1264,0.0026,2.5397,2.0969,0.3177,0.0015,1.6599,0.5329,0.0592,5.8804,0.0075,0.0025,0.0325,111.5821,-108.4019,0.0289,3.1801,1/20/2014 11:40,8,10
1/27/2014 10:10,3787.11,1/27/2014 10:00,0.427,0.2,7.95,15.1,5.65,92.37,13.43,1.56,0.03,8.76,24.1,7.62,4.2079,-0.00484,-0.589176087,-0.808004665,1/27/2014 10:02,2,0.8324,0.2647,0.1383,0.9496,0.057,0.0298,0.0858,0.0026,2.8162,1.8313,0.4303,0.0015,1.8215,0.4618,0.0444,6.0416,0.007,0.0025,0.0325,116.348,-119.5597,-0.0272,-3.2118,1/27/2014 10:10,8,10
2/3/2014 10:50,3086.28,2/3/2014 10:45,0.356,0.48,8.74,16.43,5.91,92.32,13.32,1.62,0.03,7.55,20.45,7.0104,3.4292,0.00951,-0.681972149,-0.731378143,2/3/2014 10:46,1,0.8999,0.2842,0.1637,1.23,0.0451,0.0265,0.0729,0.0061,2.9722,1.5439,0.3715,0.0015,1.6477,0.4047,0.0512,6.4669,0.0091,0.0025,0.0325,132.88,-119.2466,0.1081,13.6335,2/3/2014 10:50,4,5
2/10/2014 12:10,2191.68,2/10/2014 12:00,0.319,0.65,8.34,15.59,5.76,93.14,13.37,1.69,0.03,7.85,21.09,6.096,2.4352,0.01596,-0.76489139,-0.644159267,2/10/2014 12:02,2,0.8837,0.2851,0.1531,1.1199,0.0427,0.027,0.0633,0.0054,3.0356,1.3525,0.3997,0.0015,1.5466,0.3685,0.0588,6.726,0.0068,0.0025,0.0325,126.583,-116.5711,0.0824,10.0119,2/10/2014 12:10,8,10
2/17/2014 12:15,2191.68,2/17/2014 12:00,0.304,0.53,8.12,15.25,5.74,94.61,13.63,1.75,0.03,7.73,20.52,6.096,2.4352,0.01889,-0.836732914,-0.547611204,2/17/2014 12:02,2,0.8236,0.2844,0.1841,1.1409,0.0406,0.0262,0.0699,0.0139,3.0343,1.2788,0.4315,0.0015,1.6032,0.3345,0.0348,6.7362,0.0057,0.0025,0.0325,125.3921,-116.9315,0.0698,8.4606,2/17/2014 12:15,13,15
2/24/2014 14:05,1934.28,2/24/2014 14:00,0.314,0.9,8.4,15.56,5.8,93.45,13.32,1.77,0.03,7.47,19.58,5.7912,2.1492,0.026,-0.896456258,-0.443132234,2/24/2014 14:02,2,0.7721,0.252,0.1388,1.0227,0.0337,0.0217,0.0678,0.0026,3.0757,1.2585,0.4081,0.0031,1.5224,0.339,0.0546,6.0779,0.0028,0.0025,0.0325,112.5437,-116.9565,-0.0385,-4.4128,2/24/2014 14:05,3,5
3/3/2014 11:30,1934.28,3/3/2014 11:15,0.281,0.71,8.52,15.89,6.03,93.93,13.48,1.79,0.01,6.82,19.33,5.7912,2.1492,-0.00343,-0.943196466,-0.332235499,3/3/2014 11:17,2,0.7182,0.2404,0.1506,1.098,0.0333,0.0208,0.0679,0.0026,3.2008,1.1352,0.3859,0.0015,1.4902,0.3227,0.063,6.2608,0.001,0.0025,0.0325,112.3064,-117.5323,-0.0455,-5.2259,3/3/2014 11:30,13,15
3/10/2014 10:40,1473.03,3/10/2014 10:30,0.264,0.83,8.72,16.2,6.08,92.97,13.33,1.8,0.01,6.41,18.12,5.1816,1.6367,-0.00971,-0.976276611,-0.216527085,3/10/2014 10:32,2,0.7855,0.2652,0.1611,1.1717,0.0298,0.0181,0.0588,0.0084,3.3126,1.0841,0.3927,0.003,1.5322,0.3231,0.0716,6.6032,0.001,0.0056,0.0325,120.9365,-121.5832,-0.0053,-0.6468,3/10/2014 10:40,8,10
3/17/2014 11:00,1473.03,3/17/2014 10:45,0.263,0.73,8.65,16.13,6.1,93.89,13.54,1.82,0.01,6.46,18.25,5.1816,1.6367,-0.01242,-0.995217603,-0.097682768,3/17/2014 10:46,1,0.8093,0.2707,0.1491,1.0867,0.0258,0.0164,0.0611,0.0026,3.2536,1.0686,0.3972,0.0015,1.5937,0.3354,0.0906,6.5659,0.001,0.0057,0.0325,117.685,-119.8937,-0.0186,-2.2088,3/17/2014 11:00,14,15
3/24/2014 11:10,1473.03,3/24/2014 11:00,0.25,0.86,8.75,16.23,6.13,93.84,13.51,1.83,0.02,6.25,17.63,5.1816,1.6367,-0.01383,-0.999745124,0.022576263,3/24/2014 11:02,2,0.8085,0.2725,0.1514,1.0791,0.0254,0.0154,0.0584,0.0109,3.2512,0.9899,0.4264,0.0033,2.0017,0.3103,0.0783,6.5431,0.001,0.0025,0.0325,117.88,-124.4108,-0.0539,-6.5309,3/24/2014 11:10,8,10
3/31/2014 10:10,13489.29,3/31/2014 10:00,0.404,0.82,8.2,15.23,5.79,94.12,13.6,1.88,0.02,8.69,24.83,12.8016,14.9881,-0.00617,-0.989793603,0.142508328,3/31/2014 10:02,2,0.8064,0.2664,0.1915,1.0616,0.0557,0.0295,0.0825,0.0068,2.8472,1.746,0.4171,0.0015,1.7583,0.4354,0.0209,5.488,0.0082,0.0025,0.0325,121.7097,-114.6424,0.0598,7.0673,3/31/2014 10:10,8,10
4/7/2014 8:45,22760.73,4/7/2014 8:30,0.524,1.33,8.39,15.31,5.68,95.11,13.58,1.78,0.01,9.25,26.47,15.8496,25.2897,-0.00682,-0.965507166,0.260376483,4/7/2014 8:32,2,0.8128,0.2715,0.1642,1.0511,0.0708,0.0326,0.1075,0.0026,2.5654,2.2473,0.4002,0.0015,1.7509,0.5453,0.0264,5.2927,0.0088,0.0025,0.0325,123.5924,-114.9455,0.0725,8.6469,4/7/2014 8:45,13,15
4/14/2014 10:50,94529.4,4/14/2014 10:45,0.782,3.59,9.57,16.19,5.24,94.57,12.73,1.78,0.01,14.52,42.02,28.194,103.64655,0.00992,-0.927237546,0.374473674,4/14/2014 10:46,1,0.8402,0.2539,0.2025,0.8397,0.148,0.0484,0.173,0.0068,1.9278,2.9637,0.3481,0.0015,2.2474,0.7624,0.0876,4.3663,0.0157,0.0025,0.0325,127.5221,-110.1378,0.1463,17.3843,4/14/2014 10:50,4,5
4/28/2014 8:35,15117.75,4/28/2014 8:30,0.408,3.8,8,13.44,5.49,94.38,12.7,1.5,0.01,13.49,38.99,13.4112,16.7975,0.00915,-0.811160242,0.584823958,4/28/2014 8:32,2,0.7005,0.2099,0.1769,0.768,0.1029,0.0446,0.1242,0.0026,2.4296,1.689,0.3868,0.0015,2.3766,0.4504,0.0658,4.7335,0.0087,0.0025,0.0325,105.4503,-100.7667,0.0454,4.6836,4/28/2014 8:35,3,5
5/5/2014 9:45,24965.19,5/5/2014 9:30,0.343,6.22,8.41,13.12,5.5,93.37,11.84,1.2,0,13.93,40.27,16.4592,27.7391,0.01277,-0.735033674,0.678030602,5/5/2014 9:32,2,0.7062,0.2062,0.2008,0.8341,0.0907,0.0428,0.1293,0.0026,2.4085,1.3692,0.3774,0.0042,2.4655,0.4,0.0879,4.783,0.0082,0.0025,0.0325,107.5677,-97.8095,0.095,9.7582,5/5/2014 9:45,13,15
5/12/2014 10:45,8040.6,5/12/2014 10:30,0.2,10.18,9.15,12.76,5.43,94.85,10.66,0.73,0.02,11.9,34.15,10.3632,8.934,0.0044,-0.64826181,0.761417511,5/12/2014 10:32,2,0.6169,0.1924,0.1832,0.9244,0.0434,0.0274,0.11,0.0026,2.7169,0.8388,0.382,0.0015,2.115,0.2408,0.0494,5.4119,0.0051,0.0025,0.0325,98.724,-97.5922,0.0115,1.1319,5/12/2014 10:45,13,15
5/19/2014 10:50,20676.06,5/19/2014 10:45,0.229,9.09,8.29,11.91,5.28,94.53,10.9,0.87,0.02,14.07,40.52,15.24,22.9734,0.00839,-0.552101343,0.833777013,5/19/2014 10:46,1,0.727,0.2296,0.2337,0.9844,0.0641,0.0346,0.1502,0.0055,2.2846,0.9459,0.4884,0.0015,2.3787,0.2873,0.0693,5.7049,0.008,0.0025,0.0325,114.2261,-92.2369,0.213,21.9892,5/19/2014 10:50,4,5
5/26/2014 9:50,11251.71,5/26/2014 9:45,0.138,10.04,8.85,12.4,5.45,94.1,10.61,0.8,0.02,12.68,36.44,11.8872,12.5019,0.00755,-0.447944939,0.894061145,5/26/2014 9:46,1,0.7199,0.208,0.1823,1.0015,0.0542,0.0331,0.1226,0.0026,2.6134,0.5785,0.4609,0.0015,2.256,0.2274,0.0951,5.8924,0.0055,0.0025,0.0325,109.2181,-98.5675,0.1025,10.6506,5/26/2014 9:50,4,5
6/2/2014 13:20,3787.11,6/2/2014 13:15,0.09,12.43,9.64,12.69,5.65,96.18,10.27,0.52,0.01,11.17,32.01,7.62,4.2079,0.01072,-0.337301069,0.941396829,6/2/2014 13:17,2,0.7979,0.2121,0.1287,1.0564,0.0424,0.0281,0.1406,0.0068,2.8218,0.3531,0.5435,0.0015,2.2417,0.1988,0.1138,6.1078,0.003,0.0025,0.0325,113.3458,-104.2304,0.0838,9.1154,6/2/2014 13:20,3,5
6/9/2014 9:35,1083.15,6/9/2014 9:30,0.081,13.02,11.26,14.61,5.76,92.1,9.7,0.47,0.01,10.35,29.62,4.572,1.2035,0.0095,-0.221772158,0.975098513,6/9/2014 9:32,2,0.725,0.2264,0.1375,1.263,0.0406,0.0264,0.1114,0.0026,3.1616,0.3095,0.5102,0.0015,2.1612,0.1861,0.1164,6.7355,0.002,0.0025,0.0325,118.9653,-116.2584,0.023,2.7069,6/9/2014 9:35,3,5
6/16/2014 9:30,3425.22,6/16/2014 9:15,0.076,11,9.35,12.76,5.65,94.37,10.41,0.78,0.02,11.97,34.35,7.3152,3.8058,0.01127,-0.103031379,0.994678106,6/16/2014 9:17,2,1.2335,0.3362,0.1522,1.0657,0.0533,0.0331,0.2668,0.0026,2.8247,0.2671,0.512,0.0015,2.2279,0.1511,0.0922,6.5372,0.0107,0.0121,0.0325,146.9562,-103.0475,0.3513,43.9087,6/16/2014 9:30,13,15
6/23/2014 9:10,685.56,6/23/2014 9:00,0.062,11.52,10.95,14.75,5.94,91.97,10.02,0.3,0.01,9.07,26.42,3.9624,0.8495,0.02075,0.017201575,0.999852042,6/23/2014 9:02,2,0.808,0.2446,0.1097,1.2493,0.0363,0.0253,0.1027,0.0026,3.2048,0.2155,0.485,0.0015,1.8513,0.128,0.08,6.9441,0.001,0.0025,0.0325,122.6677,-117.4847,0.0432,5.183,6/23/2014 9:10,8,10
8/18/2014 12:00,5446.17,8/18/2014 11:45,0.014,13.07,8.73,11.31,6.05,94.25,9.92,0.13,-0.02,17.92,53.23,8.8392,6.0513,0.01952,0.830797017,0.556575527,8/18/2014 11:46,1,0.6751,0.203,0.0055,0.8669,0.0499,0.0338,0.1374,0.0026,2.8424,0.0571,0.3591,0.0015,2.1297,0.0495,0.0723,5.7301,0.0041,0.0025,0.0325,94.998,-97.8264,-0.0293,-2.8284,8/18/2014 12:00,14,15
9/15/2014 10:10,914.94,9/15/2014 10:00,0.027,8.82,10.01,14.49,6.31,93.9,10.9,0.19,-0.02,15.04,44.69,4.2672,1.0166,0.00379,0.994109865,0.108377013,9/15/2014 10:02,2,0.7054,0.2188,0.0971,1.2766,0.0299,0.0221,0.0926,0.0026,3.1505,0.0927,0.3799,0.0015,1.9008,0.1175,0.0949,6.4806,0.0026,0.0025,0.0325,115.27,-121.5565,-0.0531,-6.2865,9/15/2014 10:10,8,10
9/22/2014 10:05,639.72,9/22/2014 10:00,0.035,11.44,12.14,16.39,6.46,93.01,10.15,0.15,-0.02,13.09,38.92,3.6576,0.7108,0.00537,0.999930066,-0.011826391,9/22/2014 10:02,2,0.7909,0.247,0.115,1.4465,0.0221,0.0172,0.0836,0.0026,3.3796,0.1418,0.418,0.0015,1.7749,0.0495,0.0632,7.1174,0.0022,0.0025,0.0325,128.7939,-131.8614,-0.0235,-3.0675,9/22/2014 10:05,3,5
9/29/2014 9:40,188.55,9/29/2014 9:30,0.021,14.12,15.82,19.96,6.32,82.42,8.47,0.17,-0.02,10.7,31.82,2.1336,0.2095,0.03781,0.991268547,-0.131858516,9/29/2014 9:32,2,1.014,0.3342,0.1634,1.5472,0.0318,0.0252,0.0893,0.0026,3.9729,0.0902,0.3891,0.0015,1.7014,0.0495,0.0727,8.7274,0.0034,0.0025,0.0325,153.6492,-161.9005,-0.0523,-8.2513,9/29/2014 9:40,8,10
10/6/2014 10:15,914.94,10/6/2014 10:00,0.016,9.22,10.6,15.18,6.27,91.3,10.5,0.21,-0.02,15.95,47.37,4.2672,1.0166,0.02291,0.96825075,-0.249980969,10/6/2014 10:02,2,0.7409,0.2355,0.2403,1.1355,0.0414,0.0335,0.109,0.0026,3.2736,0.0253,0.4289,0.0015,2.2568,0.1018,0.094,6.5047,0.0066,0.0025,0.0325,117.1437,-123.6932,-0.0544,-6.5495,10/6/2014 10:15,13,15
10/7/2014 13:00,35567.01,10/7/2014 12:45,0.105,11.08,11.74,15.99,6.19,96.54,10.63,1.33,0.01,27.95,82.92,18.7452,38.25315,0.15073,0.963807423,-0.266599421,10/7/2014 12:46,1,0.6955,0.2147,0.6429,0.9918,0.0939,0.0767,0.2035,0.0026,2.4231,0.193,0.6968,0.0015,4.3435,0.1665,0.1219,4.709,0.011,0.0129,0.0325,123.5203,-117.1816,0.0527,6.3387,10/7/2014 13:00,14,15
10/8/2014 7:00,57649.86,10/8/2014 6:45,0.064,11.53,9.38,12.63,5.97,96.62,10.52,0.86,0,23.75,70.48,23.1648,64.0554,0.08934,0.95907889,-0.283138981,10/8/2014 6:46,1,0.624,0.1852,0.4027,0.9637,0.0958,0.0753,0.1912,0.0052,2.4035,0.1505,0.5981,0.0015,3.8716,0.1694,0.1313,4.5287,0.0114,0.0086,0.0325,111.0202,-100.8434,0.0961,10.1768,10/8/2014 7:00,14,15
10/13/2014 11:10,1473.03,10/13/2014 11:00,0.015,7.8,9.34,13.91,6.22,94.1,11.2,0.26,-0.02,15.65,46.49,5.1816,1.6367,0.00832,0.931210036,-0.364483015,10/13/2014 11:02,2,0.6962,0.2211,0.1061,1.1217,0.0457,0.0388,0.1095,0.0026,3.0316,0.0253,0.4799,0.0015,2.0883,0.0495,0.0949,5.8411,0.001,0.0025,0.0325,110.4402,-113.5523,-0.0278,-3.1121,10/13/2014 11:10,8,10
11/3/2014 11:05,3787.11,11/3/2014 11:00,0.04,3.54,7.53,12.77,6.19,97.44,12.93,0.79,0,16.79,49.87,7.62,4.2079,-0.0694,0.742280907,-0.670088841,11/3/2014 11:02,2,0.6288,0.1976,0.086,0.8781,0.0339,0.0251,0.1066,0.0056,2.9189,0.0801,0.5598,0.0015,1.946,0.0495,0.0642,5.5517,0.0039,0.0025,0.0325,93.1897,-105.4303,-0.1233,-12.2406,11/3/2014 11:05,3,5
11/10/2014 11:20,2767.68,11/10/2014 11:15,0.044,4.96,7.96,12.89,6.21,98.6,12.61,0.78,0,15.97,47.45,6.7056,3.0752,-0.06395,0.656410576,-0.754403841,11/10/2014 11:17,2,0.6996,0.2136,0.0716,0.9031,0.0276,0.0232,0.1096,0.0096,2.7745,0.1436,0.5678,0.0015,1.8189,0.1296,0.0897,5.5278,0.0033,0.0025,0.0325,98.2474,-101.5398,-0.033,-3.2924,11/10/2014 11:20,3,5
11/17/2014 12:00,2191.68,11/17/2014 11:45,0.068,2.1,7.49,13.32,6.23,97.13,13.4,0.04,-0.02,15.03,44.65,6.096,2.4352,-0.05353,0.561033626,-0.827793012,11/17/2014 11:46,1,0.6879,0.2225,0.0815,0.9268,0.0292,0.0215,0.1048,0.0026,2.8623,0.2694,0.5079,0.0015,1.7692,0.1564,0.0978,6.0342,0.0022,0.0025,0.0325,99.4895,-106.5576,-0.0686,-7.068,11/17/2014 12:00,14,15
11/24/2014 10:40,107450.37,11/24/2014 10:30,0.222,3.82,7.04,11.83,5.62,97.96,12.9,1.92,0.03,29.51,87.54,29.8704,119.3893,0.06449,0.457531376,-0.889193477,11/24/2014 10:32,2,0.8653,0.2129,0.2721,0.7564,0.1151,0.0789,0.2583,0.0026,2.1338,0.8619,0.506,0.0015,4.1823,0.3312,0.133,4.9063,0.0192,0.0149,0.0325,116.5246,-100.4582,0.1481,16.0664,11/24/2014 10:40,8,10
12/1/2014 14:00,19677.06,12/1/2014 13:45,0.102,3.75,7.02,11.81,5.93,98.95,13.06,0.19,-0.01,19.43,57.68,14.9352,21.8634,-0.01851,0.347402821,-0.937715991,12/1/2014 13:46,1,0.5816,0.1863,0.0895,0.8859,0.0631,0.0397,0.1404,0.0026,2.4854,0.4411,0.4873,0.0015,2.3379,0.1763,0.0759,5.3713,0.006,0.0025,0.0325,94.2023,-93.3409,0.0092,0.8615,12/1/2014 14:00,14,15
12/9/2014 10:20,5917.68,12/9/2014 10:15,0.105,1.19,6.78,12.44,6.02,99.42,14.06,0.16,-0.01,17.13,50.89,9.144,6.5752,-0.02857,0.215477315,-0.976508846,12/9/2014 10:17,2,0.5999,0.1961,0.0888,0.9145,0.0454,0.0306,0.1043,0.0026,2.7721,0.4645,0.4964,0.0015,1.803,0.1995,0.094,5.264,0.0051,0.0025,0.0325,94.9006,-100.2701,-0.055,-5.3695,12/9/2014 10:20,3,5
12/15/2014 10:50,6931.98,12/15/2014 10:45,0.118,1.22,6.72,12.31,5.97,98.81,13.96,0.1,-0.02,17.95,53.3,9.7536,7.7022,-0.02239,0.113719515,-0.993512895,12/15/2014 10:46,1,0.6604,0.206,0.0606,0.8003,0.0451,0.0307,0.1371,0.0057,2.5156,0.5165,0.5564,0.0015,1.9477,0.198,0.0769,5.3976,0.0053,0.0025,0.0684,93.5039,-95.9832,-0.0262,-2.4793,12/15/2014 10:50,4,5
12/22/2014 9:35,5917.68,12/22/2014 9:30,0.124,1.27,6.77,12.38,5.99,99.89,14.09,0.24,-0.01,17.33,51.46,9.144,6.5752,-0.02086,-0.006450864,-0.999979193,12/22/2014 9:32,2,0.6304,0.2048,0.0791,0.8404,0.0469,0.0326,0.1266,0.0026,2.7462,0.5741,0.4147,0.0015,1.7359,0.2031,0.0753,5.3441,0.0043,0.0025,0.0325,94.1987,-96.5583,-0.0247,-2.3595,12/22/2014 9:35,3,5
12/29/2014 12:15,21703.14,12/29/2014 12:00,0.186,1.87,6.47,11.59,5.69,99.16,13.76,0.37,-0.01,21.64,64.25,15.5448,24.1146,-0.00097,-0.126527817,-0.99196306,12/29/2014 12:02,2,0.617,0.1869,0.1118,0.7668,0.1029,0.0509,0.1811,0.0026,2.2662,0.7801,0.4134,0.0015,2.2285,0.2687,0.0919,4.8217,0.0078,0.0025,0.0325,97.5898,-88.6143,0.0964,8.9755,12/29/2014 12:15,13,15
1/5/2015 10:15,4572,1/5/2015 10:00,0.152,0.43,6.45,12.15,5.97,97.96,14.15,0.31,-0.01,16.79,49.86,8.23,5.08,-0.01778,-0.248939809,-0.968518958,1/5/2015 10:02,2,0.6363,0.2008,0.0893,0.7426,0.0399,0.0341,0.1319,0.0026,2.4365,0.6187,0.3982,0.0015,1.8805,0.2281,0.0888,5.0292,0.0055,0.0025,0.0325,89.4921,-90.586,-0.0121,-1.0939,1/5/2015 10:15,13,15
1/12/2015 9:50,3086.28,1/12/2015 9:45,0.143,0.65,6.94,12.98,6.06,98.93,14.2,0.38,0,15.31,45.48,7.01,3.4292,-0.01921,-0.363481612,-0.931601373,1/12/2015 9:46,1,0.7337,0.2364,0.0931,0.8457,0.042,0.0247,0.1243,0.0026,2.6754,0.6056,0.5227,0.0015,1.6754,0.1906,0.0546,5.9161,0.0055,0.0025,0.0325,101.5532,-100.6376,0.0091,0.9156,1/12/2015 9:50,4,5
1/20/2015 10:00,11251.71,1/20/2015 9:45,0.209,0.11,6.56,12.51,5.84,98.11,14.3,0.28,-0.01,18.63,55.32,11.887,12.5019,-0.00633,-0.487847145,-0.872929071,1/20/2015 9:46,1,0.5992,0.1949,0.1087,0.8588,0.0725,0.0385,0.1431,0.0026,2.5616,0.9469,0.5099,0.0015,1.9177,0.2579,0.0421,4.8379,0.0084,0.0025,0.0325,97.0286,-99.7199,-0.0274,-2.6913,1/20/2015 10:00,14,15
1/26/2015 9:45,4169.34,1/26/2015 9:30,0.182,0.11,7.1,13.54,6.06,98.87,14.41,0.18,-0.01,15.87,47.14,7.925,4.6326,-0.00796,-0.575189961,-0.818019871,1/26/2015 9:32,2,0.7404,0.2391,0.1121,0.9618,0.0482,0.0283,0.1231,0.0026,2.7666,0.7723,0.4799,0.0015,1.6875,0.2133,0.0351,6.0824,0.0038,0.0025,0.0325,108.5712,-107.2774,0.012,1.2938,1/26/2015 9:45,13,15
2/2/2015 13:50,2191.68,2/2/2015 13:45,0.169,0.26,7.21,13.66,6.11375,96.42,13.98,0.2,-0.02,14.59,42.52,6.096,2.4352,-0.03258,-0.66929039,-0.743000925,2/2/2015 13:46,1,0.7424,0.2423,0.1148,1.0844,0.033,0.0221,0.1209,0.0026,2.8548,0.7188,0.4873,0.0015,1.517,0.2096,0.0478,6.3239,0.0034,0.0025,0.0325,112.2472,-107.7092,0.0413,4.538,2/2/2015 13:50,4,5
2/9/2015 11:55,1934.28,2/9/2015 11:45,0.159,0.5,7.55,14.17,6.14862,97.21,13.97,0.21,-0.02,14.07,39.72,5.791,2.1492,-0.07075,-0.753697664,-0.657221295,2/9/2015 11:46,1,0.7749,0.2506,0.1092,0.9817,0.0329,0.0215,0.1154,0.0026,2.851,0.6934,0.4744,0.0015,1.4713,0.1751,0.0183,6.1381,0.0041,0.0025,0.0325,109.8235,-106.4264,0.0314,3.397,2/9/2015 11:55,9,10
2/17/2015 12:35,1473.03,2/17/2015 12:30,0.152,0.42,7.71,14.47,6.1446,95.27,13.69,0.23,-0.02,13.54,36.7,5.182,1.6367,-0.09449,-0.836732914,-0.547611204,2/17/2015 12:32,2,0.7929,0.253,0.13,1.1464,0.0308,0.0246,0.1045,0.0026,3.0621,0.663,0.4987,0.0015,1.388,0.1794,0.0313,6.7296,0.001,0.0072,0.0325,118.8397,-95.5995,0.2168,23.2401,2/17/2015 12:35,3,5
2/23/2015 10:35,1473.03,2/23/2015 10:30,0.152,0.49,7.94,14.86,6.18743,94.85,13.58,0.2,-0.02,13.5,35.5,5.182,1.6367,-0.10628,-0.888701048,-0.458487129,2/23/2015 10:32,2,0.8217,0.2481,0.1762,1.0628,0.0259,0.0166,0.0954,0.0026,3.0474,0.6442,0.4813,0.0015,1.5231,0.1832,0.0343,6.224,0.001,0.0025,0.0325,116.3152,-95.1762,0.1999,21.139,2/23/2015 10:35,3,5
3/2/2015 10:35,1473.03,3/2/2015 10:30,0.15,0.55,7.99,14.91,6.14163,93.49,13.33,0.2,-0.02,13.23,33.43,5.182,1.6367,-0.11491,-0.937341938,-0.348410807,3/2/2015 10:32,2,0.7474,0.2604,0.1317,1.0251,0.03,0.0186,0.0921,0.0062,3.1523,0.6595,0.4382,0.0015,1.5175,0.2044,0.0506,6.4997,0.001,0.0025,0.0325,111.4591,-121.6622,-0.0875,-10.203,3/2/2015 10:35,3,5
3/9/2015 10:45,1473.03,3/9/2015 10:30,0.148,0.64,8.19,15.2,6.11584,93.06,13.2,0.21,-0.02,12.93,31.25,5.182,1.6367,-0.11983,-0.972407556,-0.233288544,3/9/2015 10:32,2,0.7825,0.2451,0.1365,0.9204,0.0304,0.0207,0.0825,0.0121,3.1603,0.6205,0.4314,0.0015,1.5287,0.1998,0.0502,6.3246,0.001,0.0025,0.0325,108.0828,-116.6659,-0.0764,-8.5831,3/9/2015 10:45,13,15
3/16/2015 9:35,2469.51,3/16/2015 9:30,0.165,0.52,7.88,14.67,6.01037,91.86,13.05,0.2,-0.02,13.57,31.89,6.401,2.7439,-0.12438,-0.993390055,-0.114787626,3/16/2015 9:32,2,0.7647,0.2438,0.1352,0.9705,0.0231,0.0168,0.0915,0.008,3.0444,0.6498,0.4463,0.0015,1.5478,0.2108,0.0579,6.0028,0.001,0.0025,0.0325,108.1621,-114.4413,-0.0564,-6.2793,3/16/2015 9:35,3,5
3/23/2015 13:00,1694.79,3/23/2015 12:45,0.147,0.42,8.09,15.1,6.0235,91.68,13.03,0.21,-0.02,12.97,28.81,5.486,1.8831,-0.12989,-0.999985551,0.005375732,3/23/2015 12:46,1,0.7836,0.2464,0.141,1.0247,0.0305,0.0202,0.0865,0.0139,3.1504,0.5953,0.4471,0.0015,1.4616,0.1894,0.0441,6.2712,0.001,0.0025,0.0325,112.7358,-118.8591,-0.0529,-6.1233,3/23/2015 13:00,14,15
3/26/2015 5:00,2191.68,3/26/2015 4:45,0.167,0.6,8.19,15.19,5.94224,90.26,12.75,0.2,-0.02,13.06,28.61,6.096,2.4352,-0.12937,-0.998376906,0.056952196,3/26/2015 4:46,1,0.8492,0.2596,0.1518,0.9624,0.0276,0.0181,0.0821,0.0157,3.2985,0.7798,0.4883,0.0015,1.7963,0.2577,0.0693,6.3799,0.001,0.0104,0.0325,114.7091,-104.154,0.0965,10.5551,3/26/2015 5:00,14,15
3/26/2015 17:00,3425.22,3/26/2015 16:45,0.202,0.39,8.15,15.2,5.92825,89.73,12.75,0.24,-0.02,13.47,29.71,7.315,3.8058,-0.12736,-0.998376906,0.056952196,3/26/2015 16:46,1,0.8272,0.2521,0.141,0.8727,0.0214,0.0146,0.0799,0.0026,3.164,0.9387,0.5105,0.0015,1.7534,0.279,0.0635,6.0832,0.0026,0.0058,0.0325,107.1558,-104.3265,0.0268,2.8293,3/26/2015 17:00,14,15
3/27/2015 5:00,5917.68,3/27/2015 4:45,0.219,0.49,7.94,14.76,5.83427,89.74,12.71,0.24,-0.02,14.31,32.13,9.144,6.5752,-0.12401,-0.997249521,0.074117425,3/27/2015 4:46,1,0.8321,0.2482,0.1823,0.9043,0.0366,0.0226,0.0898,0.0026,2.8732,0.9034,0.4728,0.0015,1.787,0.2749,0.0673,5.8374,0.0032,0.0083,0.0325,111.4782,-96.8095,0.1409,14.6687,3/27/2015 5:00,14,15
3/27/2015 17:00,4572,3/27/2015 16:45,0.195,0.61,7.86,14.54,5.85028,89.96,12.69,0.23,-0.02,13.98,31.06,8.23,5.08,-0.12682,-0.997249521,0.074117425,3/27/2015 16:46,1,0.7272,0.2271,0.1394,0.8009,0.0298,0.0192,0.086,0.0071,3.1021,0.9151,0.5095,0.0015,1.7321,0.2711,0.0589,5.8626,0.0027,0.0067,0.0325,98.4377,-102.5238,-0.0407,-4.0861,3/27/2015 17:00,14,15
3/28/2015 5:00,4572,3/28/2015 4:45,0.182,0.6,7.84,14.53,5.8363,89.77,12.67,0.23,-0.02,13.93,30.82,8.23,5.08,-0.12688,-0.995827034,0.091260722,3/28/2015 4:46,1,0.7106,0.2233,0.119,0.8126,0.0365,0.022,0.0833,0.0026,3.1375,0.8656,0.5052,0.0015,1.6357,0.2396,0.0414,6.0528,0.0024,0.0025,0.0325,97.8006,-101.8597,-0.0407,-4.0591,3/28/2015 5:00,14,15
3/28/2015 17:00,3425.22,3/28/2015 16:45,0.17,0.87,7.89,14.47,5.87231,90.06,12.6,0.22,-0.02,13.76,30.22,7.315,3.8058,-0.12841,-0.995827034,0.091260722,3/28/2015 16:46,1,0.7003,0.2213,0.1157,0.8095,0.0298,0.0202,0.0765,0.0026,3.1795,0.7936,0.4987,0.0015,1.6196,0.2555,0.0729,5.9964,0.0022,0.0025,0.0325,96.0686,-101.3076,-0.0531,-5.239,3/28/2015 17:00,14,15
3/29/2015 17:00,3425.22,3/29/2015 16:45,0.163,0.99,7.95,14.53,5.87434,90.67,12.64,0.21,-0.02,13.52,29.33,7.315,3.8058,-0.12881,-0.994109865,0.108377013,3/29/2015 16:46,1,0.7613,0.2338,0.1317,0.8621,0.0257,0.0172,0.0802,0.0053,3.1935,0.7771,0.4885,0.0015,1.7287,0.2454,0.0657,6.0889,0.0022,0.0025,0.0325,102.6323,-101.5935,0.0102,1.0388,3/29/2015 17:00,14,15
3/30/2015 11:10,3425.22,3/30/2015 11:00,0.163,0.67,7.93,14.63,5.87828,89.5,12.59,0.22,-0.02,13.62,29.48,7.315,3.8058,-0.12961,-0.992098523,0.125461233,3/30/2015 11:02,2,0.6205,0.2072,0.1268,0.8806,0.0345,0.0226,0.0726,0.0063,3.1918,0.7561,0.4936,0.0015,1.553,0.2049,0.0292,6.1821,0.001,0.0025,0.0325,95.1527,-118.0816,-0.2151,-22.9289,3/30/2015 11:10,8,10
4/3/2015 18:00,27289.44,4/3/2015 17:45,0.259,0.38,7.22,13.58,5.65701,90.13,13.02,0.22,-0.02,16.57,37.2,17.069,30.3216,0.06884,-0.98112463,0.193376474,4/3/2015 17:46,1,0.7049,0.2166,0.1531,0.7664,0.0461,0.0286,0.1067,0.0097,2.6965,1.0724,0.4914,0.0015,2.0102,0.3078,0.058,5.0449,0.0059,0.0025,0.0325,97.8602,-97.4978,0.0037,0.3624,4/3/2015 18:00,14,15
4/4/2015 6:00,21703.14,4/4/2015 5:45,0.273,0.92,7.43,13.69,5.63587,89.32,12.71,0.08,-0.02,16.63,37.53,15.545,24.1146,0.06581,-0.977653084,0.210224752,4/4/2015 5:46,1,0.6903,0.2137,0.1377,0.7756,0.0484,0.0292,0.1105,0.0286,2.7034,1.1301,0.486,0.0015,1.9029,0.3468,0.0693,5.3478,0.0078,0.0056,0.0325,98.4474,-97.8809,0.0058,0.5665,4/4/2015 6:00,14,15
4/4/2015 18:00,18708.66,4/4/2015 17:45,0.279,0.94,7.47,13.74,5.61472,90.45,12.86,0.08,-0.02,17.21,39.36,14.63,20.7874,0.06494,-0.977653084,0.210224752,4/4/2015 17:46,1,0.7082,0.2161,0.119,0.7634,0.053,0.0298,0.1189,0.0128,2.7403,1.2245,0.5106,0.0015,1.8704,0.3412,0.0546,5.4128,0.0082,0.0025,0.0325,98.2081,-100.7024,-0.0251,-2.4943,4/4/2015 18:00,14,15
4/5/2015 18:00,11251.71,4/5/2015 17:45,0.26,1.43,7.63,13.76,5.66244,91.01,12.76,0.03,-0.02,16.04,36.22,11.887,12.5019,0.06095,-0.973892236,0.227010821,4/5/2015 17:46,1,0.7223,0.2256,0.1168,0.7941,0.045,0.0307,0.1116,0.0079,2.837,1.1505,0.4974,0.0015,1.7812,0.3043,0.0382,5.5507,0.0059,0.0025,0.0325,99.7165,-100.7065,-0.0099,-0.9901,4/5/2015 18:00,14,15
4/6/2015 10:40,9248.58,4/6/2015 10:30,0.248,1.13,7.56,13.77,5.72084,92.2,13.03,0.05,-0.02,15.53,34.9,10.973,10.2762,0.05823,-0.969843197,0.243729714,4/6/2015 10:32,2,0.6646,0.2183,0.114,0.8734,0.0428,0.0259,0.1027,0.0026,3.0351,1.1262,0.5685,0.0015,1.7449,0.2987,0.0411,5.6477,0.0044,0.0025,0.0325,99.8181,-122.164,-0.2013,-22.3458,4/6/2015 10:40,8,10
4/7/2015 18:00,7474.77,4/7/2015 17:45,0.251,1.83,7.89,13.96,5.74786,92.05,12.74,0.07,-0.02,14.85,33.28,10.058,8.3053,0.0605,-0.965507166,0.260376483,4/7/2015 17:46,1,0.7423,0.2201,0.1168,0.7097,0.0361,0.0239,0.1048,0.0162,2.7542,1.08,0.5273,0.0015,1.8259,0.3124,0.0559,5.0111,0.001,0.0025,0.0325,95.9633,-98.9103,-0.0302,-2.947,4/7/2015 18:00,14,15
4/8/2015 18:00,7474.77,4/8/2015 17:45,0.226,1.48,7.73,13.82,5.77557,92.14,12.87,0.05,-0.02,14.62,32.86,10.058,8.3053,0.05693,-0.960885426,0.276946202,4/8/2015 17:46,1,0.7504,0.226,0.1064,0.7122,0.0428,0.0268,0.0981,0.016,2.7371,0.991,0.5162,0.0015,1.9624,0.2809,0.0446,5.1208,0.001,0.0067,0.0325,97.3414,-97.4908,-0.0015,-0.1494,4/8/2015 18:00,14,15
4/9/2015 6:00,7474.77,4/9/2015 5:45,0.222,0.58,7.48,13.78,5.78443,92.09,13.19,0.05,-0.02,14.57,32.86,10.058,8.3053,0.0551,-0.955979344,0.293433969,4/9/2015 5:46,1,0.6425,0.2024,0.0938,0.6505,0.038,0.0243,0.0894,0.0125,2.7357,0.967,0.5235,0.0015,1.6579,0.4441,0.216,5.2355,0.001,0.0025,0.0325,86.1542,-95.7563,-0.1056,-9.6021,4/9/2015 6:00,14,15
4/9/2015 18:00,6931.98,4/9/2015 17:45,0.213,1.18,7.65,13.78,5.79328,92.12,12.97,0.06,-0.02,14.29,32.17,9.754,7.7022,0.05513,-0.955979344,0.293433969,4/9/2015 17:46,1,0.6477,0.2046,0.0946,0.641,0.042,0.0259,0.0916,0.0099,2.79,0.9357,0.5114,0.0015,1.6655,0.2769,0.0578,5.2759,0.001,0.0025,0.0325,86.7162,-96.0778,-0.1024,-9.3617,4/9/2015 18:00,14,15
4/10/2015 6:00,7112.91,4/10/2015 5:45,0.212,0.75,7.44,13.58,5.79214,91.37,13.01,0.04,-0.02,14,31.47,9.754,7.7022,0.05433,-0.950790372,0.309834904,4/10/2015 5:46,1,0.6906,0.2171,0.0976,0.6693,0.0357,0.0233,0.0997,0.0198,2.6787,0.9005,0.4944,0.0015,1.6541,0.2475,0.0287,5.2225,0.001,0.0025,0.0325,90.7395,-92.6585,-0.0209,-1.919,4/10/2015 6:00,14,15
4/10/2015 18:00,13489.29,4/10/2015 17:45,0.233,1.27,7.56,13.55,5.73099,90.39,12.68,0.09,-0.02,15.7,36.5,12.802,14.9881,0.06431,-0.950790372,0.309834904,4/10/2015 17:46,1,0.6582,0.2032,0.1347,0.6033,0.0504,0.0307,0.1051,0.009,2.6072,1.0099,0.5046,0.0015,1.9435,0.2835,0.0483,4.7738,0.0058,0.0025,0.0325,87.1454,-94.6676,-0.0827,-7.5222,4/10/2015 18:00,14,15
4/11/2015 18:00,13489.29,4/11/2015 17:45,0.249,1.56,7.59,13.42,5.64871,91.36,12.71,0.04,-0.02,16.83,39.99,12.802,14.9881,0.06509,-0.945320047,0.326144154,4/11/2015 17:46,1,0.6887,0.212,0.105,0.6216,0.0622,0.0352,0.1201,0.0078,2.5291,1.0785,0.5063,0.0015,1.986,0.2833,0.0336,4.8825,0.0023,0.0025,0.0325,91.227,-94.4084,-0.0343,-3.1814,4/11/2015 18:00,14,15
4/11/2015 6:00,15974.1,4/11/2015 5:45,0.247,1.23,7.45,13.35,5.65985,90.45,12.7,0.08,-0.02,16.72,39.58,13.716,17.749,0.06653,-0.945320047,0.326144154,4/11/2015 5:46,1,0.6595,0.2031,0.1076,0.6206,0.0535,0.0326,0.1116,0.0104,2.5865,1.0693,0.5135,0.0015,1.9961,0.3422,0.0925,4.776,0.0022,0.0025,0.0325,88.1379,-95.7095,-0.0824,-7.5716,4/11/2015 6:00,14,15
4/12/2015 6:00,11251.71,4/12/2015 5:45,0.244,1.03,7.55,13.58,5.67756,91.93,12.97,0.05,-0.02,16.3,38.6,11.887,12.5019,0.06235,-0.939569986,0.342356892,4/12/2015 5:46,1,0.6609,0.2059,0.0991,0.6127,0.0507,0.0332,0.1101,0.0112,2.6851,1.0727,0.5246,0.0015,2.0154,0.3078,0.0568,5.028,0.001,0.0025,0.0325,87.6499,-98.2262,-0.1138,-10.5763,4/12/2015 6:00,14,15
4/12/2015 18:00,36415.71,4/12/2015 17:45,0.24,1.58,7.18,12.63,5.55642,92.63,12.87,0.26,-0.02,16.86,40.38,19.202,40.4619,0.07428,-0.939569986,0.342356892,4/12/2015 17:46,1,0.6591,0.1987,0.1218,0.5964,0.0521,0.0326,0.1203,0.0173,2.4555,1.0123,0.5063,0.0059,2.0522,0.294,0.052,4.3326,0.0081,0.0025,0.0325,87.4974,-92.5646,-0.0563,-5.0672,4/12/2015 18:00,14,15
4/13/2015 6:00,25739.94,4/13/2015 5:45,0.288,1.43,7.5,13.27,5.54527,92.81,12.95,0.1,-0.02,17.65,42.75,16.764,29.03035,0.06987,-0.933541891,0.358468322,4/13/2015 5:46,1,0.6986,0.2142,0.1173,0.6256,0.0607,0.0351,0.1325,0.0119,2.5076,1.2232,0.5072,0.0034,2.1859,0.3334,0.0479,4.6586,0.0048,0.0061,0.0325,93.3472,-97.5005,-0.0435,-4.1533,4/13/2015 6:00,14,15
4/13/2015 18:00,112899.06,4/13/2015 17:45,0.391,1.39,6.87,12.14,5.20413,92.56,12.92,0.82,0,22.9,58.07,30.48,125.4434,0.10014,-0.933541891,0.358468322,4/13/2015 17:46,1,0.7656,0.2321,0.205,0.7455,0.092,0.0478,0.2075,0.0159,2.11,1.5409,0.4467,0.0015,2.5404,0.4045,0.044,4.7571,0.0203,0.0084,0.0325,110.3479,-94.2293,0.1576,16.1186,4/13/2015 18:00,14,15
4/13/2015 11:00,28500.03,4/13/2015 10:45,0.286,2.64,7.71,13.1,5.5448,93.1,12.56,0.09,-0.02,17.02,41,17.374,31.6667,0.07075,-0.933541891,0.358468322,4/13/2015 10:46,1,0.6165,0.2025,0.1361,0.8746,0.0571,0.0352,0.1338,0.0026,2.4695,1.2084,0.4899,0.0015,2.0705,0.3472,0.073,4.8563,0.0044,0.0025,0.0325,98.5308,-107.2223,-0.0845,-8.6915,4/13/2015 11:00,14,15
4/14/2015 6:00,94516.65,4/14/2015 5:45,0.419,1.65,6.58,11.48,5.16298,92.25,12.78,0.43,-0.01,22.8,57.9,28.346,105.0185,0.0956,-0.927237546,0.374473674,4/14/2015 5:46,1,0.8188,0.2407,0.2207,0.7912,0.1073,0.05,0.2322,0.0198,2.2142,1.8616,0.4709,0.0015,2.669,0.4928,0.0569,5.1987,0.0172,0.0141,0.0325,118.7602,-102.8967,0.1431,15.8635,4/14/2015 6:00,14,15
4/14/2015 18:00,152293.95,4/14/2015 17:45,0.455,1.74,6.92,12.02,5.07184,92.58,12.79,0.96,0,25.25,65.1,34.442,169.2155,0.10851,-0.927237546,0.374473674,4/14/2015 17:46,1,0.7842,0.2291,0.2407,0.7086,0.1181,0.0563,0.2588,0.0186,2.0302,1.95,0.4433,0.0015,2.921,0.5685,0.1135,4.6716,0.0231,0.0117,0.0325,115.1518,-100.9749,0.1312,14.1769,4/14/2015 18:00,14,15
4/15/2015 6:00,61436.97,4/15/2015 5:45,0.455,1.37,6.7,11.77,5.1707,92.55,12.91,0.29,-0.02,22.17,56.31,23.774,68.2633,0.0855,-0.920658817,0.390368215,4/15/2015 5:46,1,0.8022,0.2342,0.2012,0.7508,0.1095,0.0487,0.2323,0.0186,2.1496,2.0167,0.4721,0.0015,2.7487,0.5012,0.0243,4.9993,0.0163,0.0121,0.0325,116.3351,-104.4867,0.1073,11.8484,4/15/2015 6:00,14,15
4/15/2015 18:00,102157.11,4/15/2015 17:45,0.431,2.48,7.45,12.62,5.07955,93.14,12.6,0.5,-0.01,22.54,57.55,29.261,113.5079,0.09272,-0.920658817,0.390368215,4/15/2015 17:46,1,0.7666,0.2216,0.1948,0.7295,0.1147,0.0503,0.2243,0.0158,2.1053,1.859,0.4436,0.0015,2.6227,0.466,0.0225,4.7112,0.0168,0.027,0.0325,112.5863,-99.5859,0.1225,13.0005,4/15/2015 18:00,14,15
4/20/2015 15:00,24965.19,4/20/2015 14:45,0.333,3.11,7.51,12.32,5.3084,92.57,12.28,0.1,-0.02,19.07,48.76,16.459,27.7391,0.0764,-0.883720347,0.468015328,4/20/2015 14:46,1,0.7471,0.2166,0.154,0.7837,0.1021,0.044,0.1834,0.0135,2.3034,1.4231,0.4339,0.0015,2.4067,0.4245,0.0925,4.918,0.0099,0.0061,0.0325,110.132,-95.3293,0.1441,14.8027,4/20/2015 15:00,14,15
4/20/2015 19:00,28500.03,4/20/2015 18:45,0.323,3.19,7.54,12.32,5.29801,92.28,12.21,0.14,-0.02,19.39,49.7,17.374,31.6667,0.08231,-0.883720347,0.468015328,4/20/2015 18:46,1,0.7395,0.2135,0.1508,0.7115,0.0974,0.0452,0.1992,0.0104,2.2161,1.3813,0.4292,0.0015,2.4298,0.3719,0.0518,4.8005,0.0096,0.0062,0.0325,105.2563,-92.818,0.1256,12.4383,4/20/2015 19:00,14,15
4/20/2015 23:00,55809.9,4/20/2015 22:45,0.321,3.33,7.49,12.18,5.17763,92.28,12.17,0.26,-0.02,21.44,55.69,22.86,62.011,0.09472,-0.883720347,0.468015328,4/20/2015 22:46,1,0.71,0.2026,0.1461,0.6827,0.1139,0.0518,0.229,0.0141,2.1802,1.3683,0.4237,0.0015,2.5944,0.3538,0.0338,4.6574,0.0106,0.0095,0.0325,103.9904,-92.5313,0.1166,11.4591,4/20/2015 23:00,14,15
4/20/2015 9:35,24965.19,4/20/2015 9:30,0.341,3.11,7.49,12.3,5.2889,93.05,12.34,0.09,-0.02,19.56,50.1,16.459,27.7391,0.07742,-0.883720347,0.468015328,4/20/2015 9:32,2,0.678,0.1985,0.1321,0.7737,0.0958,0.0485,0.1848,0.0063,2.201,1.4576,0.4312,0.0015,2.1983,0.4226,0.0884,4.7198,0.0086,0.0025,0.0325,102.9864,-104.6337,-0.0159,-1.6473,4/20/2015 9:35,3,5
4/21/2015 3:00,59525.55,4/21/2015 2:45,0.328,3.33,7.49,12.19,5.13725,91.85,12.1,0.28,-0.02,22.61,59.11,23.47,66.1395,0.09893,-0.875538993,0.483147464,4/21/2015 2:46,1,0.7015,0.1971,0.1595,0.6763,0.1235,0.0557,0.2498,0.012,2.1442,1.3629,0.4331,0.0015,2.6407,0.3538,0.0367,4.5395,0.0111,0.0083,0.0325,104.7427,-92.1904,0.1275,12.5523,4/21/2015 3:00,14,15
4/21/2015 11:00,80273.07,4/21/2015 10:45,0.351,3.91,7.21,11.47,5.08649,91.67,11.9,0.48,-0.01,24.81,65.54,26.518,89.1923,0.10572,-0.875538993,0.483147464,4/21/2015 10:46,1,0.7157,0.202,0.1592,0.6584,0.1348,0.0601,0.2855,0.0166,2.0558,1.4849,0.4164,0.0015,2.9699,0.5212,0.1729,4.5824,0.0129,0.0103,0.0325,107.257,-93.493,0.1371,13.7639,4/21/2015 11:00,14,15
4/21/2015 15:00,67385.25,4/21/2015 14:45,0.346,5.15,7.49,11.48,5.08611,91.9,11.54,0.58,-0.01,23.5,61.8,24.689,74.8725,0.10363,-0.875538993,0.483147464,4/21/2015 14:46,1,0.7086,0.1987,0.1486,0.6536,0.1363,0.0581,0.2692,0.0154,2.1473,1.4677,0.4344,0.0015,2.7931,0.4025,0.059,4.6155,0.0121,0.0055,0.0325,106.5473,-94.7444,0.1173,11.8029,4/21/2015 15:00,14,15
4/21/2015 19:00,60162.69,4/21/2015 18:45,0.34,4.1,7.3,11.55,5.10573,91.87,11.86,2.77,0.04,23.27,61.17,23.622,67.2014,0.0984,-0.875538993,0.483147464,4/21/2015 18:46,1,0.7137,0.2024,0.1496,0.6697,0.1317,0.0568,0.2655,0.0115,2.0702,1.4393,0.4224,0.0015,2.8625,0.3979,0.0638,4.63,0.0117,0.0079,0.0325,106.6784,-92.6875,0.1404,13.9909,4/21/2015 19:00,14,15
4/21/2015 23:00,50501.34,4/21/2015 22:45,0.339,3.29,7.19,11.65,5.15534,91.95,12.12,0.45,-0.01,22.7,59.59,21.946,56.1126,0.09283,-0.875538993,0.483147464,4/21/2015 22:46,1,0.7248,0.2033,0.1434,0.6817,0.1187,0.0547,0.2576,0.0144,2.1699,1.4484,0.4267,0.0015,2.8085,0.3756,0.0372,4.7239,0.011,0.0112,0.0325,105.9756,-94.7609,0.1117,11.2146,4/21/2015 23:00,14,15
4/21/2015 7:00,94516.65,4/21/2015 6:45,0.34,3.3,7.22,11.71,5.06687,91.56,12.08,1.211263941,1.28,26.66,70.84,28.346,105.0185,0.11342,-0.875538993,0.483147464,4/21/2015 6:46,1,0.7065,0.2015,0.1644,0.6515,0.1415,0.0647,0.2861,0.0123,2.0926,1.4488,0.4208,0.0015,2.9956,0.3648,0.0175,4.7676,0.0133,0.0305,0.0325,106.4235,-93.9277,0.1247,12.4958,4/21/2015 7:00,14,15
5/18/2015 11:05,2469.51,5/18/2015 11:00,0.042,10.66,9.55,13.18,5.95101,95.13,10.63,0.09,-0.01,10.79,31.65,6.401,2.7439,0.05371,-0.566361933,0.824156636,5/18/2015 11:03,3,0.641,0.1912,0.0983,0.807,0.0355,0.0246,0.1025,0.0026,3.05,0.1626,0.4576,0.0015,1.9788,0.0495,0.0471,6.2533,0.001,0.0025,0.0325,90.6028,-105.7737,-0.1545,-15.1709,5/18/2015 11:05,2,5
5/26/2015 8:45,1083.15,5/26/2015 8:30,0.023,11.31,10.55,14.32,6.01305,93.67,10.42,0.06,-0.01,10.28,30.06,4.572,1.2035,0.05787,-0.447944939,0.894061145,5/26/2015 8:33,3,0.7717,0.2333,0.1363,1.1299,0.0322,0.0236,0.1131,0.0026,3.2337,0.1187,0.5192,0.0015,1.9302,0.0495,0.0703,6.4871,0.001,0.0054,0.0325,115.1654,-118.0853,-0.025,-2.9199,5/26/2015 8:45,12,15
6/1/2015 11:50,94516.65,6/1/2015 11:45,0.109,9.3,7.85,11.25,5.38463,95.78,11.23,0.66,0,22.89,67.42,28.346,105.0185,0.1381,-0.353444671,0.935455432,6/1/2015 11:47,2,0.775,0.1908,0.1586,0.7424,0.1077,0.0732,0.2583,0.0026,2.3306,0.4726,0.4804,0.0015,3.8283,0.2138,0.1054,4.5127,0.012,0.0097,0.0325,106.8282,-103.0825,0.0357,3.7456,6/1/2015 11:50,3,5
6/8/2015 9:40,2469.51,6/8/2015 9:30,0.025,9.57,9.45,13.44,5.92642,93.28,10.97,0.21,-0.01,12.1,35.27,6.401,2.7439,0.06989,-0.238512575,0.971139409,6/8/2015 9:33,3,0.7195,0.2144,0.1362,1.012,0.0451,0.0301,0.1232,0.007,3.1743,0.1836,0.4835,0.0015,2.375,0.1166,0.0697,6.0665,0.001,0.0025,0.0325,110.0075,-103.7104,0.0589,6.2971,6/8/2015 9:40,7,10
6/15/2015 8:35,6931.98,6/15/2015 8:30,0.032,11.39,9.54,12.96,5.88822,94.35,10.73,0.18,-0.01,14.02,40.89,9.754,7.7022,0.09493,-0.120126165,0.992758634,6/15/2015 8:33,3,0.7416,0.2132,0.1288,0.8018,0.0471,0.0334,0.152,0.0074,2.9022,0.1187,0.4784,0.0015,2.5159,0.1192,0.0866,6.1951,0.001,0.0215,0.0325,99.9902,-104.8589,-0.0475,-4.8686,6/15/2015 8:35,2,5
6/22/2015 9:15,20676.06,6/22/2015 9:00,0.014,12.02,9.02,12.06,5.68003,94.43,10.69,0.16,-0.01,17.02,49.73,15.24,22.9734,0.10497,0,1,6/22/2015 9:03,3,0.5617,0.1629,0.0777,0.8156,0.0711,0.0491,0.1715,0.0026,2.6489,0.0253,0.4818,0.0015,2.4882,0.1018,0.0886,4.7609,0.0077,0.0051,0.0325,89.2398,-92.5353,-0.0363,-3.2955,6/22/2015 9:15,12,15
6/29/2015 11:05,21703.14,6/29/2015 11:00,0.008,10.92,8.61,11.85,5.67186,94.1,11.02,0.16,-0.01,17.57,51.25,15.545,24.1146,0.10789,0.120126165,0.992758634,6/29/2015 11:03,3,0.5809,0.1627,0.0644,0.7379,0.0739,0.0502,0.1759,0.0058,3.9023,0.0735,0.7052,0.0015,2.6038,0.1411,0.12,4.5984,0.0047,0.0055,0.0325,87.0102,-129.4887,-0.3924,-42.4785,6/29/2015 11:05,2,5
7/1/2015 12:35,150120.93,7/1/2015 12:30,0.036,11.7,8.33,11.23,5.32239,94.21,10.86,1.26,0.02,26.43,77.55,34.442,169.2155,0.20344,0.154204048,0.988039023,7/1/2015 12:33,3,0.6252,0.1547,0.1058,0.6426,0.1511,0.1,0.301,0.0057,2.0406,0.0943,0.2974,0.0015,4.3904,0.157,0.1313,4.0124,0.0086,0.0152,0.0325,96.1645,-78.494,0.2023,17.6705,7/1/2015 12:35,2,5
7/6/2015 10:10,4572,7/6/2015 10:00,0.009,12.77,9.84,12.93,5.83366,94.89,10.76,0.16,-0.01,14.05,40.74,8.23,5.08,0.0963,0.238512575,0.971139409,7/6/2015 10:03,3,0.6618,0.1776,0.0766,0.892,0.0518,0.0352,0.1319,0.0026,2.7317,0.0253,0.3656,0.0015,2.4216,0.0495,0.0804,5.4673,0.001,0.0025,0.0325,96.1253,-95.7502,0.0039,0.3751,7/6/2015 10:10,7,10
7/27/2015 7:40,4169.34,7/27/2015 7:30,0.017,13.83,8.82,11.12,5.91437,93.93,9.72,0.39,0.03,11.62,33.77,7.925,4.6326,-0.02088,0.566361933,0.824156636,7/27/2015 7:33,3,0.7111,0.1841,0.0738,0.805,0.0418,0.0292,0.09,0.0102,2.5768,0.0783,0.2998,0.0015,2.2286,0.0495,0.0579,5.6118,0.003,0.0025,0.0325,94.2035,-93.259,0.0101,0.9445,7/27/2015 7:40,7,10
8/3/2015 10:50,1405.08,8/3/2015 10:45,0.022,15.12,10.65,12.92,6.08487,92.48,9.3,0.41,0.03,9.86,28.61,5.182,1.6367,-0.02744,0.661263475,0.750153729,8/3/2015 10:47,2,0.7412,0.2146,0.0877,1.1941,0.023,0.016,0.1156,0.0026,2.7557,0.0909,0.3937,0.0015,2.0228,0.0495,0.0701,6.5761,0.0038,0.0025,0.0325,112.4264,-105.207,0.0663,7.2194,8/3/2015 10:50,3,5
8/10/2015 13:05,764.55,8/10/2015 13:00,0.021,15.01,12.01,14.52,6.11549,94.07,9.48,0.39,0.03,8.56,24.76,3.962,0.8495,-0.03241,0.746588115,0.665286545,8/10/2015 13:03,3,0.7561,0.2282,0.0994,1.2714,0.0307,0.0222,0.0905,0.0143,2.8935,0.0975,0.3907,0.0015,1.898,0.0495,0.0609,7.1586,0.001,0.0069,0.0325,119.3244,-112.7727,0.0565,6.5517,8/10/2015 13:05,2,5
8/11/2015 9:00,914.94,8/11/2015 8:45,0.041,14.95,12.57,15.22,6.11324,90.22,9.11,0.69,0.04,8.66,25.06,4.267,1.0166,-0.02239,0.757921627,0.652345619,8/11/2015 8:47,2,0.8341,0.2542,0.1711,1.1607,0.031,0.0227,0.1009,0.0127,3.1679,0.1753,0.4226,0.0015,3.0967,0.1828,0.1334,6.6525,0.0048,0.0025,0.0677,122.3675,-96.3347,0.2381,26.0328,8/11/2015 9:00,13,15
8/11/2015 11:00,11029.14,8/11/2015 10:45,0.182,14.77,11.25,13.65,6.05301,93.91,9.52,1.96,0.07,19.15,55.82,11.582,11.7317,0.10534,0.757921627,0.652345619,8/11/2015 10:47,2,0.8193,0.2325,0.2396,0.8947,0.0568,0.0431,0.1755,0.0063,2.1885,0.4631,0.3792,0.0015,4.4285,0.2674,0.1579,5.2409,0.0086,0.0119,0.0325,112.7013,-86.0178,0.2686,26.6835,8/11/2015 11:00,13,15
8/11/2015 13:00,75866.64,8/11/2015 12:45,0.136,14.68,8.65,10.43,5.78279,94.55,9.6,4.79,0.15,18.46,53.77,25.7555,83.0928,0.10133,0.757921627,0.652345619,8/11/2015 12:47,2,0.6636,0.1744,0.2059,0.7102,0.0782,0.0587,0.2065,0.0026,1.756,0.4823,0.2661,0.0015,4.3865,0.2396,0.1271,4.1887,0.0118,0.0118,0.0325,94.3152,-73.9216,0.2424,20.3936,8/11/2015 13:00,13,15
8/11/2015 15:00,91236.72,8/11/2015 14:45,0.106,14.52,7.69,9.27,5.60256,94.65,9.64,1.72,0.07,22.36,65.19,28.042,102.2746,0.08723,0.757921627,0.652345619,8/11/2015 14:47,2,0.6886,0.1713,0.1299,0.6735,0.0969,0.0713,0.248,0.0052,1.8876,0.3343,0.2696,0.0015,4.9825,0.2418,0.1622,4.1148,0.0156,0.0149,0.0325,94.7135,-77.3549,0.2018,17.3587,8/11/2015 15:00,13,15
8/11/2015 17:00,65366.82,8/11/2015 16:45,0.073,14.41,7.46,9.01,5.58233,94.5,9.65,0.95,0.05,20.96,61.08,24.384,72.6298,0.05666,0.757921627,0.652345619,8/11/2015 16:47,2,0.676,0.1687,0.105,0.7085,0.0882,0.0633,0.2259,0.0065,2.0484,0.2073,0.2774,0.0015,4.4453,0.1969,0.1451,4.2255,0.0126,0.0117,0.0325,93.8007,-76.1898,0.2072,17.6109,8/11/2015 17:00,13,15
8/11/2015 19:00,46601.22,8/11/2015 18:45,0.05,14.33,7.39,8.94,5.5821,94.43,9.66,0.79,0.04,19.27,56.14,21.336,52.3903,0.03588,0.757921627,0.652345619,8/11/2015 18:47,2,0.6615,0.1659,0.0793,0.6911,0.079,0.0539,0.2093,0.0074,2.1169,0.1322,0.257,0.0015,4.0452,0.1616,0.126,4.3386,0.0113,0.0079,0.0325,90.1904,-73.8283,0.1995,16.3621,8/11/2015 19:00,13,15
8/11/2015 21:00,35016.57,8/11/2015 20:45,0.038,14.31,7.34,8.86,5.63188,94.34,9.66,0.62,0.04,18.06,52.56,18.898,38.9073,0.02283,0.757921627,0.652345619,8/11/2015 20:47,2,0.6543,0.1653,0.0721,0.7181,0.0723,0.0499,0.2033,0.0077,2.254,0.1062,0.2746,0.0015,3.8297,0.1414,0.1115,4.4149,0.0111,0.0061,0.0325,89.9342,-75.6823,0.1721,14.2518,8/11/2015 21:00,13,15
8/11/2015 23:00,30173.55,8/11/2015 22:45,0.031,14.31,7.39,8.93,5.66165,94.26,9.65,0.57,0.04,17.29,50.36,17.983,34.4559,0.01511,0.757921627,0.652345619,8/11/2015 22:47,2,0.6512,0.164,0.0706,0.7331,0.0661,0.0456,0.1885,0.0132,2.2977,0.0808,0.2611,0.0015,3.7402,0.1259,0.0975,4.5308,0.0102,0.0074,0.0325,89.7199,-75.3541,0.1741,14.3658,8/11/2015 23:00,13,15
8/12/2015 3:00,22065.84,8/12/2015 2:45,0.026,14.33,7.47,9.03,5.70119,94.14,9.63,0.56,0.04,16.44,47.86,15.85,25.2897,0.00731,0.769030859,0.639211653,8/12/2015 2:47,2,0.647,0.1649,0.0716,0.8181,0.0643,0.0433,0.1758,0.0101,2.396,0.0916,0.4914,0.0015,3.4968,0.1348,0.1063,4.5835,0.0086,0.0025,0.0325,92.8872,-82.8532,0.1142,10.034,8/12/2015 3:00,13,15
8/12/2015 7:00,17768.25,8/12/2015 6:45,0.023,14.22,7.57,9.18,5.75074,94.32,9.67,0.47,0.04,15.96,46.43,14.326,19.7425,0.00277,0.769030859,0.639211653,8/12/2015 6:47,2,0.6428,0.1674,0.0639,0.765,0.0639,0.0433,0.1872,0.0124,2.4109,0.0253,0.2955,0.0015,3.4604,0.1517,0.1299,4.6793,0.0128,0.0486,0.0325,90.508,-76.3873,0.1692,14.1207,8/12/2015 7:00,13,15
8/12/2015 11:00,12717.09,8/12/2015 10:45,0.018,14.57,7.77,9.35,5.78028,94.43,9.61,0.45,0.04,15.45,44.93,12.497,14.1301,-0.00055,0.769030859,0.639211653,8/12/2015 10:47,2,0.6346,0.1668,0.0618,0.7776,0.053,0.0366,0.1635,0.0109,2.4476,0.0606,0.3311,0.0015,3.2841,0.1305,0.1084,4.7764,0.0072,0.0025,0.0325,89.0744,-77.8421,0.1346,11.2322,8/12/2015 11:00,13,15
8/17/2015 14:20,764.55,8/17/2015 14:15,0.018,18.6,11.56,12.77,6.09622,96.73,9.05,0.24,0.03,9.18,26.53,3.962,0.8495,-0.01903,0.821100118,0.570784194,8/17/2015 14:18,3,0.6724,0.2046,0.0932,1.0741,0.0287,0.02,0.0992,0.0067,3.0404,0.0594,0.3947,0.0015,2.285,0.1022,0.0836,6.2688,0.0024,0.0025,0.0325,104.407,-113.066,-0.0796,-8.6589,8/17/2015 14:20,2,5
8/24/2015 9:50,914.94,8/24/2015 9:45,0.031,16.48,12.88,14.86,6.10761,91.78,8.97,0.4,0.03,8.96,25.84,4.267,1.0166,-0.02579,0.883720347,0.468015328,8/24/2015 9:47,2,0.8098,0.2408,0.1121,1.2706,0.0228,0.017,0.0935,0.0026,3.151,0.0875,0.4312,0.0015,2.2825,0.0495,0.0591,7.2612,0.0052,0.0025,0.0325,122.084,-126.8377,-0.0382,-4.7537,8/24/2015 9:50,3,5
8/31/2015 8:55,249.75,8/31/2015 8:45,0.029,15.69,14.16,16.58,6.1586,88.67,8.81,0.36,0.03,7.65,22,2.438,0.2775,-0.03368,0.933541891,0.358468322,8/31/2015 8:47,2,0.8668,0.2511,0.1163,1.3851,0.0205,0.0169,0.0798,0.0026,3.3719,0.1954,0.3774,0.0015,2.0525,0.0495,0.0395,7.9765,0.0022,0.0025,0.0325,130.1952,-132.8116,-0.0199,-2.6164,8/31/2015 8:55,8,10
9/9/2015 16:20,48.42,9/9/2015 16:15,0.018,19.63,22.76,25.22,6.14705,90.87,8.29,0.09,-0.03,4.9,13.78,1.219,0.0538,0.03273,0.977653084,0.210224752,9/9/2015 16:18,3,0.9808,0.308,0.0842,1.7553,0.0313,0.0202,0.0885,0.0026,3.8131,0.1367,0.502,0.0015,2.0833,0.0495,0.0591,9.7464,0.003,0.0025,0.0325,157.3069,-106.3162,0.3868,50.9907,9/9/2015 16:20,2,5
9/10/2015 9:45,81.54,9/10/2015 9:30,0.025,17.57,18.43,21.3,6.19104,86.73,8.25,0.14,-0.03,7.36,20.92,1.524,0.0906,0.03831,0.98112463,0.193376474,9/10/2015 9:33,3,0.9477,0.3208,0.1431,1.851,0.0295,0.0213,0.0971,0.0062,3.9097,0.0253,0.4883,0.0015,2.018,0.0495,0.0802,9.7521,0.0092,0.0025,0.0325,162.2777,-105.8196,0.4212,56.4581,9/10/2015 9:45,12,15
9/10/2015 23:00,249.75,9/10/2015 22:45,0.041,17.23,18.61,21.67,6.19643,87.98,8.42,0.43,-0.02,7.76,22.07,2.438,0.2775,0.06147,0.98112463,0.193376474,9/10/2015 22:47,2,1.0691,0.3198,0.3331,2.0253,0.031,0.0247,0.1246,0.0076,3.4212,0.1851,0.5004,0.0048,2.6425,0.1137,0.0659,8.6942,0.0134,0.0118,0.0325,180.7276,-102.008,0.5568,78.7196,9/10/2015 23:00,13,15
9/11/2015,527.58,9/10/2015 23:45,0.051,17.04,18.19,21.27,6.17608,87.75,8.43,0.86,-0.01,8.62,24.55,3.353,0.5862,0.06442,0.98112463,0.193376474,9/10/2015 23:47,2,1.0735,0.3283,0.4513,1.9322,0.0349,0.0271,0.1279,0.0026,3.1967,0.3902,0.4658,0.0015,2.9741,0.202,0.1107,8.4156,0.0148,0.0064,0.0325,180.6376,-101.0054,0.5655,79.6322,9/11/2015,13,15
9/11/2015 1:00,1780.53,9/11/2015 0:45,0.125,16.59,16.22,19.14,6.16573,90.47,8.78,0.58,-0.02,11.04,31.58,5.4865,1.89295,0.10098,0.984305844,0.176470973,9/11/2015 0:47,2,1.1656,0.3475,0.4675,1.7844,0.0421,0.0361,0.1656,0.0026,2.7321,0.5778,0.4863,0.0015,3.9369,0.2576,0.1263,8.0195,0.0142,0.0118,0.0325,181.5988,-99.7507,0.5818,81.8481,9/11/2015 1:00,13,15
9/11/2015 4:00,1934.28,9/11/2015 3:45,0.156,15.75,13.61,16.36,6.14469,92.61,9.15,0.43,-0.02,14.26,40.91,5.791,2.1492,0.09462,0.984305844,0.176470973,9/11/2015 3:47,2,1.0731,0.3058,0.3553,1.6513,0.0414,0.0327,0.1719,0.0026,2.6258,0.4721,0.4551,0.0015,3.3653,0.2165,0.1073,7.4762,0.0114,0.0185,0.0325,164.9583,-92.0923,0.5669,72.866,9/11/2015 4:00,13,15
9/11/2015 5:00,1626.78,9/11/2015 4:45,0.142,15.63,13.38,16.12,6.12434,92.64,9.18,0.34,-0.02,14.16,40.61,5.4865,1.89295,0.08788,0.984305844,0.176470973,9/11/2015 4:47,2,1.0169,0.2888,0.3428,1.6113,0.0382,0.0317,0.1533,0.0068,2.6137,0.4055,0.4434,0.0015,3.418,0.2147,0.1178,7.2707,0.0106,0.0098,0.0325,158.624,-90.7006,0.5449,67.9234,9/11/2015 5:00,13,15
9/11/2015 10:00,914.94,9/11/2015 9:45,0.069,15.53,12.76,15.39,6.1726,93.63,9.3,0.24,-0.03,12.4,35.51,4.267,1.0166,0.06348,0.984305844,0.176470973,9/11/2015 9:47,2,0.939,0.2708,0.2462,1.5831,0.0365,0.0289,0.1401,0.0093,2.7201,0.1976,0.4565,0.0015,3.0129,0.1558,0.1039,7.348,0.0077,0.0159,0.0325,149.4736,-87.9091,0.5187,61.5645,9/11/2015 10:00,13,15
9/11/2015 14:00,914.94,9/11/2015 13:45,0.044,16.3,12.84,15.21,6.1812,94.99,9.28,0.19,-0.03,11.32,32.39,4.267,1.0166,0.05503,0.984305844,0.176470973,9/11/2015 13:47,2,0.8984,0.2605,0.1997,1.5878,0.036,0.0259,0.1358,0.0026,2.827,0.1175,0.4274,0.0043,2.7177,0.1385,0.1096,7.5092,0.0066,0.0056,0.0325,145.224,-86.8143,0.5034,58.4097,9/11/2015 14:00,13,15
9/12/2015 12:35,249.75,9/12/2015 12:30,0.025,15.47,14,16.9,6.19327,93.79,9.32,0.22,-0.03,8.87,25.3,2.438,0.2775,0.03874,0.987195787,0.159513252,9/12/2015 12:33,3,0.9839,0.2927,0.1547,1.8368,0.0302,0.0197,0.1212,0.0026,3.1339,0.0612,0.4526,0.0015,2.2025,0.0495,0.0816,8.5311,0.0055,0.0055,0.0325,161.1357,-90.161,0.5649,70.9747,9/12/2015 12:35,2,5
9/14/2015 10:05,3787.11,9/14/2015 10:00,0.043,13.93,9.96,12.38,6.00742,95.12,9.77,0.34,-0.02,12.81,36.71,7.62,4.2079,0.05125,0.992098523,0.125461233,9/14/2015 10:03,3,0.6082,0.197,0.144,1.1279,0.04,0.031,0.1281,0.0026,2.5653,0.1617,0.3134,0.0015,2.7122,0.1157,0.0779,5.909,0.0056,0.0025,0.0325,104.822,-99.8651,0.0484,4.9569,9/14/2015 10:05,2,5
9/21/2015 9:55,81.54,9/21/2015 9:45,0.021,12.05,14.57,18.96,6.20897,89.51,9.57,0.42,-0.02,7.3,20.73,1.524,0.0906,0.02062,0.999985551,0.005375732,9/21/2015 9:47,2,0.7747,0.2646,0.1249,1.4125,0.0221,0.0151,0.0727,0.0139,3.5474,0.1156,0.439,0.0031,2.3099,0.1075,0.0706,7.4237,0.0028,0.0025,0.0729,128.7757,-147.1566,-0.1332,-18.3808,9/21/2015 9:55,8,10
9/28/2015 11:55,127.44,9/28/2015 11:45,0.02,11.21,18.54,24.62,6.21974,87.99,9.57,0.5,-0.02,4.64,13.01,1.829,0.1416,0.00547,0.993390055,-0.114787626,9/28/2015 11:47,2,0.8138,0.2921,0.1353,1.8057,0.0195,0.0141,0.067,0.0055,4.3667,0.1066,0.4244,0.0015,2.1485,0.0495,0.0579,8.2272,0.0021,0.006,0.0325,149.5052,-166.4974,-0.1075,-16.9922,9/28/2015 11:55,8,10
9/29/2015 11:00,639.72,9/29/2015 10:45,0.025,13.02,20.91,26.54,6.15172,86.89,9.06,0.46,-0.02,6.14,17.38,3.658,0.7108,0.0094,0.991268547,-0.131858516,9/29/2015 10:47,2,0.9843,0.3489,0.4109,1.6516,0.0287,0.0202,0.0853,0.0063,3.598,0.1881,1.0516,0.0045,2.6891,0.1364,0.089,8.0858,0.0074,0.0025,0.0325,164.5115,-121.493,0.3008,43.0185,9/29/2015 11:00,13,15
9/29/2015 17:00,971.01,9/29/2015 16:45,0.073,13.47,15.72,19.59,6.07963,92.61,9.55,0.4,-0.02,8.36,23.81,4.267,1.0166,0.03769,0.991268547,-0.131858516,9/29/2015 16:47,2,0.8798,0.3041,0.4447,1.4363,0.0396,0.0309,0.0937,0.0073,2.6788,0.2594,1.0743,0.0015,3.59,0.2023,0.138,6.8431,0.0056,0.0025,0.0325,147.9991,-108.3543,0.3093,39.6448,9/29/2015 17:00,13,15
9/29/2015 19:00,1860.42,9/29/2015 18:45,0.085,13.68,15.07,18.65,6.06893,93.16,9.56,0.86,-0.01,10.76,30.76,5.486,1.8831,0.07055,0.991268547,-0.131858516,9/29/2015 18:47,2,0.94,0.3148,0.4371,1.3396,0.0275,0.0197,0.1263,0.0026,3.019,0.2003,1.0481,0.0015,2.8978,0.1766,0.1278,6.6647,0.0061,0.0093,0.0325,145.867,-110.2861,0.2778,35.5809,9/29/2015 19:00,13,15
9/30/2015 11:00,249967.38,9/30/2015 10:45,0.093,14.02,7.79,9.27,5.10336,95.85,9.76,5,0.08,29.83,86.04,42.367,281.0159,0.21077,0.988853706,-0.148890387,9/30/2015 10:47,2,0.6229,0.15,0.2948,0.579,0.1677,0.1177,0.3336,0.0113,1.615,0.2513,0.7663,0.0015,6.6445,0.32,0.2544,3.428,0.0211,0.0228,0.0325,100.4386,-92.8613,0.0784,7.5774,9/30/2015 11:00,13,15
9/30/2015 1:00,3425.22,9/30/2015 0:45,0.067,13.85,12.77,15.65,5.93684,94,9.61,0.49,-0.02,12.43,35.62,7.315,3.8058,0.0681,0.988853706,-0.148890387,9/30/2015 0:47,2,0.7958,0.241,0.3771,1.1884,0.0404,0.0301,0.1201,0.0187,1.9058,0.1072,0.7026,0.0015,2.5506,0.1218,0.0831,6.0354,0.0052,0.0063,0.0325,126.9219,-74.1249,0.5252,52.797,9/30/2015 1:00,13,15
9/30/2015 5:00,7293.84,9/30/2015 4:45,0.106,13.97,12.07,14.7,5.87545,94.52,9.64,0.62,-0.02,14.97,42.97,9.906,8.00375,0.09386,0.988853706,-0.148890387,9/30/2015 4:47,2,0.698,0.209,0.4123,1.153,0.0503,0.0396,0.1409,0.0026,2.2071,0.2887,0.5128,0.0015,3.5704,0.2516,0.1844,5.2793,0.0065,0.0082,0.0325,119.1393,-83.0689,0.3568,36.0704,9/30/2015 5:00,13,15
9/30/2015 7:00,70212.36,9/30/2015 6:45,0.106,14.06,9.83,11.84,5.63475,95.68,9.75,4.91,0.08,19.55,56.25,24.689,74.8937,0.15783,0.988853706,-0.148890387,9/30/2015 6:47,2,0.5731,0.1617,0.4319,1.0145,0.0807,0.0625,0.1958,0.0026,1.7044,0.31,0.3969,0.0015,4.8146,0.2641,0.1927,4.0939,0.0129,0.013,0.0325,107.6044,-75.8996,0.3455,31.7048,9/30/2015 7:00,13,15
9/30/2015 9:00,118508.4,9/30/2015 8:45,0.096,14.01,8.53,10.2,5.27406,95.78,9.76,2.45,0.02,25.63,73.86,31.09,131.676,0.16769,0.988853706,-0.148890387,9/30/2015 8:47,2,0.6522,0.1674,0.3473,0.7042,0.1107,0.0813,0.2619,0.008,1.6194,0.1916,0.6353,0.0015,5.2686,0.2534,0.2039,3.8857,0.0177,0.0175,0.0325,100.875,-81.2159,0.2159,19.6591,9/30/2015 9:00,13,15
9/30/2015 13:00,162386.1,9/30/2015 12:45,0.083,13.81,8.38,10.07,4.87266,95.61,9.79,2.39,0.02,30.84,88.98,35.357,180.429,0.17408,0.988853706,-0.148890387,9/30/2015 12:47,2,0.605,0.1487,0.2312,0.5947,0.17,0.1128,0.3385,0.0065,1.7402,0.1868,0.4101,0.0015,5.9468,0.2536,0.2064,3.6734,0.0185,0.0176,0.0325,99.9305,-80.6938,0.213,19.2367,9/30/2015 13:00,13,15
9/30/2015 15:00,118508.4,9/30/2015 14:45,0.068,13.66,8.15,9.81,4.93197,95.79,9.84,1.34,0,29.53,85.16,31.09,131.676,0.15169,0.988853706,-0.148890387,9/30/2015 14:47,2,0.6162,0.1439,0.1651,0.6463,0.1636,0.105,0.3096,0.0026,1.8661,0.1515,0.3341,0.0015,5.5292,0.2266,0.1898,3.593,0.0172,0.0201,0.0325,102.3853,-78.5117,0.2639,23.8736,9/30/2015 15:00,13,15
9/30/2015 21:00,45501.12,9/30/2015 20:45,0.042,12.42,6.73,8.25,5.13987,96.11,10.16,0.75,-0.01,24.15,69.58,21.031,50.5568,0.09971,0.988853706,-0.148890387,9/30/2015 20:47,2,0.5921,0.1489,0.151,0.7335,0.1126,0.0746,0.2502,0.0026,2.0661,0.0608,0.3268,0.0015,4.6101,0.1717,0.1547,1.5928,0.0141,0.0115,0.0325,96.9908,-76.4102,0.2374,20.5806,9/30/2015 21:00,13,15
10/1/2015 3:00,24965.19,10/1/2015 2:45,0.031,11.51,6.57,8.25,5.29778,96.13,10.38,0.67,-0.02,21.26,61.22,16.459,27.7391,0.07694,0.986146248,-0.165878199,10/1/2015 2:47,2,0.5638,0.151,0.1326,0.6957,0.1051,0.0681,0.2237,0.0073,2.1564,0.0253,0.3428,0.0015,3.9795,0.1481,0.1368,1.2397,0.0129,0.0078,0.0325,91.556,-75.0162,0.1986,16.5398,10/1/2015 3:00,13,15
10/1/2015 15:00,11251.71,10/1/2015 14:45,0.023,12.03,7.17,8.92,5.4636,96.67,10.31,0.55,-0.02,18.16,52.21,11.887,12.5019,0.06031,0.986146248,-0.165878199,10/1/2015 14:47,2,0.5682,0.1572,0.1099,0.7737,0.0822,0.0534,0.1852,0.0026,2.3114,0.0253,0.3305,0.0015,3.5115,0.1089,0.1073,0.7476,0.0095,0.005,0.0325,90.8354,-75.5577,0.1836,15.2777,10/1/2015 15:00,13,15
10/2/2015 15:00,4572,10/2/2015 14:45,0.022,10.29,7.73,10.12,5.64524,96.7,10.75,0.59,-0.02,14.88,42.7,8.23,5.08,0.0385,0.983146974,-0.182816925,10/2/2015 14:47,2,0.5725,0.1655,0.0857,0.8033,0.0612,0.041,0.1442,0.0026,2.5022,0.0253,0.3365,0.0041,3.0155,0.1083,0.1033,0.7049,0.0056,0.0025,0.0325,88.8958,-77.4727,0.1373,11.4231,10/2/2015 15:00,13,15
10/3/2015 15:00,2469.51,10/3/2015 14:45,0.022,10.09,8.25,10.87,5.74688,97.19,10.85,0.6,-0.02,12.97,37.18,6.401,2.7439,0.02935,0.97985677,-0.199701553,10/3/2015 14:47,2,0.5971,0.1796,0.084,0.8539,0.0499,0.0338,0.132,0.0077,2.4899,0.0253,0.3425,0.0015,2.5964,0.1096,0.1017,0.7417,0.0039,0.0025,0.0325,91.8368,-75.0372,0.2013,16.7996,10/3/2015 15:00,13,15
10/4/2015 15:00,1694.79,10/4/2015 14:45,0.023,9.92,8.92,11.85,5.81852,97.42,10.92,0.64,-0.02,11.44,32.75,5.486,1.8831,0.02331,0.976276611,-0.216527085,10/4/2015 14:47,2,0.6762,0.1945,0.1139,0.993,0.0331,0.0242,0.1261,0.0095,2.6823,0.0253,0.312,0.0015,2.5839,0.0495,0.0825,0.6693,0.0034,0.0064,0.0325,101.8022,-78.1195,0.2633,23.6827,10/4/2015 15:00,13,15
10/5/2015 11:30,1473.03,10/5/2015 11:15,0.027,8.17,8.98,12.53,5.84137,95.14,11.13,0.75,-0.01,11.02,31.52,5.182,1.6367,0.01572,0.972407556,-0.233288544,10/5/2015 11:18,3,0.5901,0.1877,0.1024,1.0082,0.0412,0.0279,0.1051,0.0161,2.834,0.0253,0.3656,0.0055,2.3769,0.1002,0.0796,5.6335,0.001,0.0025,0.0325,97.7164,-101.3463,-0.0365,-3.6299,10/5/2015 11:30,12,15
10/8/2015 10:10,527.58,10/8/2015 10:00,0.024,8.65,10.37,14.32,5.91672,93.33,10.78,0.71,-0.02,9.32,26.6,3.353,0.5862,0.01204,0.95907889,-0.283138981,10/8/2015 10:03,3,0.7387,0.2231,0.1395,1.2119,0.0347,0.0222,0.0968,0.0055,3.242,0.0253,0.3682,0.0015,2.1902,0.0495,0.0756,6.5969,0.001,0.0097,0.0325,116.6611,-89.3901,0.2647,27.271,10/8/2015 10:10,7,10
10/12/2015 12:15,3086.28,10/12/2015 12:00,0.021,10.34,8.7,12.09,5.62,94.08,10.54,1.47,0.03,12.2,34.65,7.01,3.4292,0.04008,0.937341938,-0.348410807,10/12/2015 12:03,3,0.689,0.1723,0.0883,0.8408,0.0476,0.0305,0.1151,0.0095,2.6995,0.0253,0.3455,0.0015,2.4692,0.1099,0.0998,4.8093,0.001,0.0025,0.0325,94.2648,-96.25,-0.0208,-1.9852,10/12/2015 12:15,12,15
10/19/2015 10:50,1269.18,10/19/2015 10:45,0.014,3.97,8.74,14.58,5.9173,94.62,12.41,1.39,0.03,10.28,29.32,4.877,1.4102,0.01602,0.888701048,-0.458487129,10/19/2015 10:47,2,0.6666,0.2235,0.2682,0.9873,0.035,0.0242,0.1047,0.0026,2.9845,0.0253,0.3769,0.0054,2.5112,0.0495,0.0791,5.6824,0.0058,0.0025,0.0325,106.15,-119.3518,-0.1171,-13.2018,10/19/2015 10:50,3,5
10/26/2015 11:20,2191.68,10/26/2015 11:15,0.005,5.92,8.91,14.04,5.96588,95.54,11.92,1.01,0.02,11.28,32.52,6.096,2.4352,0.02143,0.827189337,-0.561923305,10/26/2015 11:18,3,0.6852,0.2204,0.2924,1.0482,0.0403,0.0187,0.1196,0.0026,3.1703,0.0253,0.4365,0.0015,2.6497,0.0495,0.074,4.2684,0.0118,0.0074,0.0325,110.8722,-118.2226,-0.0642,-7.3504,10/26/2015 11:20,2,5
11/3/2015 11:40,5446.17,11/3/2015 11:30,0.011,8.11,8.53,12.65,5.90412,95.73,11.31,0.54,0.02,12.07,35.15,8.839,6.0513,0.01512,0.742280907,-0.670088841,11/3/2015 11:33,3,0.683,0.1915,0.1492,0.9587,0.0556,0.0444,0.1439,0.0026,2.6581,0.0253,0.4168,0.0015,2.5077,0.1164,0.1137,5.3625,0.0083,0.0054,0.0325,102.9171,-95.1934,0.078,7.7237,11/3/2015 11:40,7,10
11/15/2015 10:05,7474.77,11/15/2015 10:00,0.015,4.68,7.93,12.98,5.98072,95.78,12.33,0.65,0.03,12.6,37.18,10.058,8.3053,0.00074,0.589176087,-0.808004665,11/15/2015 10:03,3,0.7229,0.1864,0.1533,1.1546,0.0469,0.0361,0.1532,0.0095,2.645,0.0253,0.4858,0.0015,2.4901,0.0495,0.0915,5.3336,0.0054,0.0025,0.0325,112.6713,-93.2758,0.1884,19.3955,11/15/2015 10:05,2,5
11/23/2015 11:10,11251.71,11/23/2015 11:00,0.029,3.49,6.47,10.99,5.9,95.72,12.72,0.09,0,14.27,42.37,11.887,12.5019,-0.02846,0.472759209,-0.881191653,11/23/2015 11:03,3,0.5556,0.1631,0.1256,0.7935,0.0653,0.039,0.1451,0.01,2.451,0.0253,0.6209,0.0015,2.7431,0.0495,0.0805,5.0279,0.0049,0.0025,0.0325,88.501,-90.7135,-0.0247,-2.2125,11/23/2015 11:10,7,10
11/30/2015 10:40,3787.11,11/30/2015 10:30,0.034,1.16,6.52,11.98,6.1,97.82,13.84,0.08,0,11.48,34.05,7.62,4.2079,-0.05862,0.363481612,-0.931601373,11/30/2015 10:33,3,0.6731,0.2015,0.0972,0.8681,0.0534,0.0297,0.1296,0.0026,2.6014,0.0627,0.3987,0.0015,2.1916,0.0495,0.0727,5.6466,0.002,0.0025,0.0325,97.7622,-90.9221,0.0725,6.8401,11/30/2015 10:40,7,10
12/7/2015 8:40,6931.98,12/7/2015 8:30,0.034,3.24,6.63,11.34,5.98,96.23,12.87,0.07,0,13,38.58,9.754,7.7022,-0.05299,0.248939809,-0.968518958,12/7/2015 8:33,3,0.6805,0.1891,0.0998,0.8179,0.0568,0.0356,0.1438,0.0026,2.5642,0.0728,0.3882,0.0015,2.2881,0.0495,0.0739,5.3238,0.0045,0.0178,0.0325,95.9756,-87.3975,0.0936,8.5782,12/7/2015 8:40,7,10
12/14/2015 11:25,4169.34,12/14/2015 11:15,0.038,4.44,7.27,11.97,6.12,95.66,12.39,0.04,0,11.37,33.74,7.925,4.6326,-0.05998,0.130792676,-0.991409742,12/14/2015 11:18,3,0.6608,0.1944,0.1081,0.922,0.0435,0.0293,0.1235,0.0084,2.8938,0.0999,0.4049,0.0015,2.1778,0.1431,0.1141,5.6563,0.001,0.0025,0.0325,98.4081,-99.1176,-0.0072,-0.7095,12/14/2015 11:25,7,10
12/21/2015 10:00,8631.81,12/21/2015 9:45,0.042,2.06,6.36,11.31,5.95,96.67,13.35,0.08,0,13.32,39.54,10.668,9.5909,-0.06522,0.010751308,-0.999942203,12/21/2015 9:47,2,0.5698,0.1683,0.1099,0.8406,0.0579,0.0373,0.1385,0.0026,2.6951,0.1431,0.4079,0.0015,2.403,0.1108,0.0791,5.3304,0.004,0.0062,0.0325,90.4328,-90.7887,-0.0039,-0.356,12/21/2015 10:00,13,15
12/28/2015 9:00,20676.06,12/28/2015 8:45,0.05,1.69,5.96,10.75,5.74,97.77,13.64,0.13,0,16.92,50.27,15.24,22.9734,-0.05307,-0.109445769,-0.993992768,12/28/2015 8:47,2,0.6112,0.1688,0.1012,0.7167,0.0872,0.0496,0.19,0.0026,2.3645,0.1791,0.4006,0.0015,2.8644,0.132,0.0896,5.2243,0.0066,0.0064,0.0325,90.8759,-84.6841,0.0705,6.1918,12/28/2015 9:00,13,15
1/4/2016 10:00,2659.53,1/4/2016 9:45,0.042,0.28,6.11,11.57,6.03,96.22,13.96,0.12,0,12.57,37.3,8.23,5.08,-0.08118,-0.232242924,-0.972657815,1/4/2016 9:47,2,0.5812,0.1763,0.0873,0.8052,0.0452,0.0293,0.1265,0.0026,2.6284,0.1408,0.3738,0.0057,2.278,0.1135,0.0786,5.3581,0.001,0.0025,0.0325,87.9244,-92.9782,-0.0559,-5.0538,1/4/2016 10:00,13,15
1/10/2016 16:50,104717.43,1/10/2016 16:45,0.104,0.67,4.96,9.4,5.75429,94.79,13.6,0.93,0.02,14.51,43.07,29.566,116.4274,-0.04992,-0.331221228,-0.943553124,1/10/2016 16:47,2,0.5,0.1458,0.1516,0.7174,0.0591,0.0421,0.1669,0.0124,1.7939,0.3355,0.3464,0.0015,2.7468,0.1992,0.1138,3.7829,0.0083,0.0068,0.0325,82.1748,-77.3122,0.061,4.8627,1/10/2016 16:50,3,5
1/11/2016 9:45,51046.08,1/11/2016 9:30,0.096,1.42,4.64,8.59,5.6512,95.33,13.4,1.72,0.08,18.41,54.69,22.098,57.07675,-0.06277,-0.347402821,-0.937715991,1/11/2016 9:33,3,0.498,0.1492,0.1223,0.754,0.0855,0.0554,0.1841,0.0026,2.219,0.3649,0.3344,0.0015,2.9538,0.1665,0.0838,4.3541,0.0069,0.0055,0.0325,86.5935,-84.7319,0.0217,1.8616,1/11/2016 9:45,12,15
1/17/2016 10:55,5443.11,1/17/2016 10:45,0.053,0.96,6.09,11.64,5.99445,95.75,13.63,1.06,0.07,12.57,37.24,8.839,6.0513,-0.13702,-0.442168152,-0.896932174,1/17/2016 10:47,2,0.5952,0.1815,0.0729,0.7463,0.0528,0.0347,0.1324,0.0026,2.5774,0.1961,0.3534,0.0015,2.1094,0.1243,0.0781,5.3128,0.0024,0.0025,0.0325,87.0129,-86.5859,0.0049,0.4269,1/17/2016 10:55,8,10
1/25/2016 9:45,2191.05,1/25/2016 9:30,0.06,0.18,6.45,12.93,6.06932,96.62,14.06,0.7,0.06,11.62,34.33,6.096,2.4352,-0.1528,-0.561033626,-0.827793012,1/25/2016 9:33,3,0.7545,0.1418,0.0725,0.6491,0.0468,0.0298,0.0967,0.0026,2.6705,0.2701,0.4152,0.0015,1.9501,0.1326,0.0704,6.1701,0.001,0.0025,0.0967,86.3389,-94.8635,-0.0941,-8.5246,1/25/2016 9:45,12,15
2/1/2016 11:00,2191.05,2/1/2016 10:45,0.063,1.06,6.74,13.34,6.11816,94.99,13.48,0.65,0.06,11.25,33.18,6.096,2.4352,-0.15654,-0.656410576,-0.754403841,2/1/2016 10:47,2,0.8692,0.1414,0.1516,0.8188,0.0431,0.0306,0.0915,0.0026,2.6569,0.3307,0.4622,0.0015,1.8301,0.1309,0.0523,6.1528,0.0031,0.0025,0.0325,100.6971,-94.7859,0.0605,5.9112,2/1/2016 11:00,13,15
2/8/2016 11:15,6927.12,2/8/2016 11:00,0.068,0.34,6.21,12.93,5.93717,96.16,13.92,1.91,0.08,13.6,40.14,9.754,7.7022,-0.15528,-0.742280907,-0.670088841,2/8/2016 11:03,3,0.8614,0.181,0.1639,1.2374,0.0392,0.0264,0.1473,0.0026,2.5521,0.3234,0.5035,0.0015,2.1832,0.1439,0.0671,5.5408,0.0022,0.0025,0.0325,122.6923,-91.6152,0.29,31.0771,2/8/2016 11:15,12,15
2/15/2016 11:40,1038.69,2/15/2016 11:30,0.069,0.18,7.11,14.97,5.99614,97.33,14.16,1.86,0.08,12.58,37.06,7.01,3.4292,-0.16247,-0.817400982,-0.576069123,2/15/2016 11:33,3,0.8735,0.2211,0.1295,1.0682,0.0417,0.0265,0.1231,0.0073,3.0268,0.3514,0.6175,0.0015,2.2195,0.1381,0.0531,6.3703,0.0024,0.0025,0.0325,118.2277,-109.6466,0.0753,8.5811,2/15/2016 11:40,7,10
2/22/2016 9:05,5293.65,2/22/2016 9:00,0.086,0.2,6.39,13.84,5.83566,96.47,14.02,0.72,0.06,13.68,40.28,8.839,6.0513,-0.16198,-0.880682856,-0.47370635,2/22/2016 9:03,3,0.5147,0.1452,0.0563,0.8664,0.0502,0.0313,0.106,0.0026,2.4825,0.4092,0.7141,0.0015,2.2417,0.1665,0.0709,5.308,0.0058,0.0025,0.0325,84.7218,-98.7822,-0.1532,-14.0604,2/22/2016 9:05,2,5
2/29/2016 10:45,7468.74,2/29/2016 10:30,0.106,1.13,6.1,11.21,5.64444,94.63,13.4,0.08,0,15.77,46.41,10.058,8.3053,-0.15458,-0.931210036,-0.364483015,2/29/2016 10:33,3,0.5309,0.1493,0.1247,1.0652,0.0666,0.0361,0.141,0.0026,2.4046,0.4633,0.4572,0.0015,2.1516,0.1736,0.0677,4.8531,0.006,0.0025,0.0325,98.6747,-85.9377,0.138,12.7371,2/29/2016 10:45,12,15
3/7/2016 11:10,4165.83,3/7/2016 11:00,0.084,0.21,6.14,11.66,5.78341,96.16,13.98,0.09,0,14.5,42.62,7.925,4.6326,-0.16139,-0.96825075,-0.249980969,3/7/2016 11:03,3,0.555,0.1623,0.0916,0.9162,0.0529,0.0317,0.1176,0.0026,2.3997,0.3619,0.4859,0.0015,1.8417,0.1511,0.0663,5.4034,0.0029,0.0025,0.0325,91.4157,-87.8591,0.0397,3.5565,3/7/2016 11:10,7,10
3/14/2016 10:15,11246.58,3/14/2016 10:00,0.11,1.42,5.64,10.26,5.55265,97.45,13.69,0.09,0,18.12,53.34,11.887,12.5019,-0.14445,-0.991268547,-0.131858516,3/14/2016 10:03,3,0.5533,0.1443,0.1123,1.5496,0.0791,0.0427,0.1409,0.0026,2.192,0.3604,0.4409,0.0015,2.3411,0.1505,0.0663,4.5253,0.0054,0.0025,0.0325,122.0168,-82.5395,0.386,39.4773,3/14/2016 10:15,12,15
3/21/2016 10:00,8627.31,3/21/2016 9:45,0.081,0.8,5.99,11.14,5.64176,95.66,13.68,0.08,0,17.15,50.37,10.668,9.5909,-0.15261,-0.999930066,-0.011826391,3/21/2016 9:47,2,0.5939,0.1545,0.088,0.7432,0.0682,0.0382,0.1375,0.0026,2.2915,0.2642,0.4667,0.0015,2.1595,0.1397,0.078,4.9887,0.0034,0.0025,0.0325,87.2845,-87.0791,0.0024,0.2054,3/21/2016 10:00,13,15
3/28/2016 9:20,7197.39,3/28/2016 9:15,0.071,1.87,6.23,11.16,5.66091,95.8,13.3,0.1,0,17.06,50.07,10.363,8.934,-0.15104,-0.994109865,0.108377013,3/28/2016 9:18,3,0.5253,0.1689,0.1107,0.8175,0.0648,0.038,0.1197,0.0026,2.5624,0.288,0.4937,0.0015,2.2079,0.1279,0.062,4.9818,0.001,0.0025,0.0325,88.3058,-94.7055,-0.0699,-6.3997,3/28/2016 9:20,2,5
4/4/2016 9:40,7438.38,4/4/2016 9:30,0.069,0.31,6.12,11.59,5.64993,96.53,13.99,0.1,0,18.45,54.16,10.058,8.3053,-0.14936,-0.973892236,0.227010821,4/4/2016 9:33,3,0.5113,0.1708,0.1004,0.8306,0.0664,0.0393,0.129,0.0026,2.5389,0.286,0.5381,0.0015,2.2676,0.1508,0.0839,5.2738,0.001,0.0025,0.0325,87.879,-90.7382,-0.032,-2.8592,4/4/2016 9:40,7,10
4/12/2016 9:25,49851.81,4/12/2016 9:15,0.097,2.54,6.33,11.1,5.47,94.81,12.94,0.41,-0.01,20.65,60.42,20.2695,46.1932,0.01867,-0.933541891,0.358468322,4/12/2016 9:18,3,0.5772,0.1711,0.1425,0.7214,0.0749,0.0459,0.1684,0.0026,2.2314,0.3999,0.5951,0.0015,2.5791,0.1835,0.0898,4.6041,0.0034,0.0025,0.0325,89.6157,-89.1345,0.0054,0.4811,4/12/2016 9:25,7,10
4/18/2016 9:55,7468.74,4/18/2016 9:45,0.037,6.43,7.32,11.34,5.75,95.86,11.84,0.09,-0.02,16.87,49.4,10.058,8.3053,8.00E-04,-0.891640195,0.4527447,4/18/2016 9:47,2,0.5995,0.1747,0.1138,0.8294,0.0561,0.0346,0.1328,0.0026,2.6544,0.2223,0.5799,0.0015,2.1022,0.1149,0.0639,5.4355,0.001,0.0025,0.0325,91.6595,-94.2653,-0.028,-2.6058,4/18/2016 9:55,8,10
4/25/2016 10:45,3784.23,4/25/2016 10:30,0.027,5.69,7.35,11.64,5.88,95.37,12.02,0.11,-0.02,15.33,44.94,7.62,4.2079,-0.00323,-0.830797017,0.556575527,4/25/2016 10:33,3,0.6051,0.1884,0.114,0.8829,0.0437,0.0283,0.1192,0.0026,2.6851,0.1032,0.5265,0.0015,2.0827,0.0495,0.0579,5.5832,0.001,0.0025,0.0325,93.5959,-82.9801,0.1202,10.6158,4/25/2016 10:45,12,15
5/2/2016 10:45,8035.83,5/2/2016 10:30,0.032,5.08,6.95,11.21,5.78,95.11,12.2,0.16,-0.02,16.64,48.87,10.363,8.934,0.0034,-0.757921627,0.652345619,5/2/2016 10:33,3,0.6115,0.1873,0.1077,0.8074,0.0538,0.0344,0.1409,0.0026,2.5419,0.1416,0.485,0.0015,2.3177,0.0495,0.0665,5.294,0.001,0.0025,0.0325,92.2679,-80.6224,0.1347,11.6455,5/2/2016 10:45,12,15
5/9/2016 9:00,9243.18,5/9/2016 8:45,0.024,4.75,6.76,11.02,5.79,94.79,12.28,0.15,-0.02,16.44,48.37,10.973,10.2762,0.00414,-0.674069462,0.738667964,5/9/2016 8:47,2,0.5482,0.1714,0.1003,0.7891,0.0602,0.0371,0.1351,0.0026,2.5452,0.0954,0.4973,0.0015,2.2573,0.0495,0.0661,6.6299,0.0026,0.0197,0.0325,87.2662,-91.0926,-0.0429,-3.8264,5/9/2016 9:00,13,15
5/16/2016 10:00,11246.58,5/16/2016 9:45,0.014,5.7,6.9,10.93,5.82,94.5,11.97,0.23,-0.02,16.04,47.27,11.887,12.5019,0.01184,-0.580454928,0.814292378,5/16/2016 9:47,2,0.5687,0.1657,0.0962,0.8381,0.06,0.0385,0.1333,0.0026,2.5701,0.0562,0.5239,0.0015,2.2934,0.0495,0.0738,6.074,0.001,0.0025,0.0325,89.9284,-91.5087,-0.0174,-1.5802,5/16/2016 10:00,13,15
5/31/2016 10:50,1471.32,5/31/2016 10:45,0.035,13.3,10.33,13.31,6.21394,94.03,9.85,0.21,0,11.57,34.05,5.182,1.6367,-0.00122,-0.353444671,0.935455432,5/31/2016 10:47,2,0.6477,0.2369,0.1279,1.138,0.0363,0.0269,0.1202,0.0026,3.059,0.0831,0.5947,0.0015,2.2327,0.0495,0.0695,7.4952,0.001,0.0139,0.0325,109.7028,-115.2156,-0.049,-5.5128,5/31/2016 10:50,3,5
6/6/2016 10:20,28482.21,6/6/2016 10:15,0.07,11.6,7.73,10.39,5.73499,94.61,10.29,0.85,0.02,21.16,62.32,17.374,31.6667,0.05266,-0.255182413,0.966892929,6/6/2016 10:18,3,0.5837,0.1796,0.1026,0.7445,0.0869,0.0605,0.1943,0.0026,2.3405,0.1989,0.6309,0.0015,3.5647,0.1484,0.1002,5.4286,0.0075,0.0025,0.0325,91.0651,-98.7019,-0.0805,-7.6368,6/6/2016 10:20,2,5
6/13/2016 11:10,3423.78,6/13/2016 11:00,0.036,9.6,8.63,12.23,6.17272,94.15,10.75,0.63,0.02,12.28,35.71,7.315,3.8058,0.0598,-0.137185404,0.990545388,6/13/2016 11:03,3,0.6575,0.2141,0.0844,0.9419,0.0331,0.0258,0.1134,0.0026,2.896,0.0764,0.4892,0.0015,2.1093,0.0495,0.0592,6.7738,0.001,0.0025,0.0325,98.5839,-104.9208,-0.0623,-6.3369,6/13/2016 11:10,7,10
6/27/2016 10:40,333.72,6/27/2016 10:30,0.058,14.26,16.17,20.34,6.25843,85.55,8.76,0.21,0,8.09,22.77,2.743,0.371,0.02354,0.103031379,0.994678106,6/27/2016 10:33,3,0.907,0.3069,0.1091,1.4297,0.0284,0.0212,0.0871,0.0026,3.6172,0.2141,0.4788,0.0015,1.7899,0.127,0.0758,10.0483,0.001,0.0025,0.0325,139.5555,-145.6666,-0.0429,-6.1112,6/27/2016 10:40,7,10
7/5/2016 9:20,639.27,7/5/2016 9:15,0.045,14.03,11.78,14.9,6.17325,91.56,9.43,0.25,0,10.55,29.81,3.658,0.7108,0.03646,0.238512575,0.971139409,7/5/2016 9:18,3,0.7743,0.2611,0.0979,1.1573,0.0356,0.0273,0.1151,0.0065,3.4211,0.13,0.7215,0.0015,1.9996,0.1125,0.0781,7.8709,0.001,0.0025,0.0845,118.0675,-135.4208,-0.1369,-17.3533,7/5/2016 9:20,2,5
7/11/2016 9:45,2468.7,7/11/2016 9:30,0.046,12.86,9.92,12.91,6.1642,93.69,9.9,0.28,0,11.79,33.29,6.401,2.7439,0.04025,0.337301069,0.941396829,7/11/2016 9:33,3,0.6275,0.2104,0.0969,1.052,0.0362,0.029,0.1065,0.0053,3.0347,0.103,0.7506,0.0015,2.1803,0.0495,0.068,7.0515,0.001,0.0025,0.0893,102.1121,-118.7657,-0.1508,-16.6536,7/11/2016 9:45,12,15
7/17/2016 12:20,2468.7,7/17/2016 12:15,0.059,15.9,11.07,13.4,6.16483,93.89,9.27,0.24,0,12.32,34.64,6.401,2.7439,0.06015,0.432499402,0.90163422,7/17/2016 12:18,3,0.6662,0.2264,0.1354,1.0998,0.039,0.0281,0.1172,0.0026,2.893,0.1557,0.4629,0.0015,2.3182,0.0495,0.035,7.3641,0.002,0.0025,0.0325,108.3933,-116.2364,-0.0698,-7.8431,7/17/2016 12:20,2,5
7/25/2016 10:25,333.84,7/25/2016 10:15,0.05,15.19,13.23,16.27,6.19975,88.05,8.83,0.3,0,9.7,26.58,3.353,0.59045,0.04199,0.552101343,0.833777013,7/25/2016 10:18,3,0.7438,0.2627,0.1048,1.3545,0.0312,0.0221,0.0951,0.0026,3.4104,0.1532,0.5223,0.0015,1.8502,0.0495,0.0302,8.9195,0.003,0.0025,0.0325,124.7965,-136.5067,-0.0896,-11.7102,7/25/2016 10:25,7,10
8/1/2016 9:30,188.46,8/1/2016 9:15,0.045,15.51,16.26,19.86,6.14771,83.52,8.31,0.29,0,8.16,21.78,2.134,0.2095,0.04024,0.64826181,0.761417511,8/1/2016 9:18,3,0.8629,0.2946,0.1166,1.5415,0.0244,0.0167,0.0705,0.0065,3.6679,0.4313,0.4988,0.0015,1.6585,0.1613,0.0588,9.7644,0.0021,0.0025,0.0325,140.885,-154.6323,-0.093,-13.7473,8/1/2016 9:30,12,15
8/8/2016 9:00,333.72,8/8/2016 8:45,0.031,15.55,20.8,25.39,6.35559,76.81,7.63,0.35,0.01,6.92,17.86,2.743,0.371,0.04946,0.735033674,0.678030602,8/8/2016 8:47,2,0.9803,0.3344,0.132,1.7158,0.0242,0.0163,0.0726,0.0026,4.1719,0.4552,0.5397,0.0015,1.4973,0.1279,0.0228,11.2111,0.0026,0.0025,0.0658,157.7681,-168.6583,-0.0667,-10.8901,8/8/2016 9:00,13,15
8/12/2016 16:00,7846.8,8/12/2016 15:45,0.374,18.1,14.14,16.22,6.07576,93.05,8.79,1.81,0.03,28.73,84.58,10.363,8.934,0.19688,0.779912522,0.625888534,8/12/2016 15:47,2,1.0094,0.2876,0.5068,0.9064,0.0748,0.0615,0.2014,0.0026,2.1212,1.2408,0.4067,0.0015,6.0531,0.402,0.1194,5.5,0.0148,0.0115,0.0325,135.7719,-106.0594,0.2457,29.7124,8/12/2016 16:00,13,15
8/12/2016 17:00,4435.05,8/12/2016 16:45,0.311,18.28,12.95,14.79,6.10588,92.86,8.74,0.72,0,20.65,60.78,8.23,5.08,0.1116,0.779912522,0.625888534,8/12/2016 16:47,2,0.8978,0.2654,0.3638,0.9592,0.0576,0.0453,0.166,0.0026,2.3545,1.0759,0.383,0.0015,4.4632,0.3586,0.1139,5.737,0.0116,0.0078,0.0325,125.0649,-99.6401,0.2263,25.4248,8/12/2016 17:00,13,15
8/12/2016 18:00,16910.55,8/12/2016 17:45,0.299,18.36,12.9,14.72,6.12599,92.2,8.66,1.3,0.02,17.54,51.61,13.716,17.80985,0.18742,0.779912522,0.625888534,8/12/2016 17:47,2,1.1379,0.3065,0.5942,0.7576,0.1014,0.0869,0.2572,0.0026,1.7818,1.023,0.3071,0.0015,7.3647,0.4107,0.1786,5.3824,0.0274,0.0477,0.0325,142.9536,-99.2278,0.3611,43.7258,8/12/2016 18:00,13,15
8/12/2016 19:00,10115.22,8/12/2016 18:45,0.243,17.88,11.64,13.4,6.02611,93.39,8.86,1.05,0.01,23.74,69.86,11.582,11.7317,0.13363,0.779912522,0.625888534,8/12/2016 18:47,2,0.8651,0.2391,0.3809,0.8574,0.0697,0.0564,0.1933,0.0026,2.1398,0.7531,0.3476,0.0015,4.9041,0.2914,0.1198,5.5295,0.0132,0.0133,0.0325,118.7953,-91.1671,0.2632,27.6283,8/12/2016 19:00,13,15
8/12/2016 20:00,6927.12,8/12/2016 19:45,0.187,17.89,11.32,13.03,6.07622,92.82,8.81,0.63,0,18.83,55.4,9.754,7.7022,0.08049,0.779912522,0.625888534,8/12/2016 19:47,2,0.8188,0.236,0.3762,0.9434,0.0618,0.0468,0.1701,0.0026,2.2836,0.5652,0.4225,0.0015,4.218,0.2495,0.1203,5.9218,0.0111,0.0093,0.0325,118.9762,-89.8134,0.2794,29.1628,8/12/2016 20:00,13,15
8/12/2016 23:00,18383.94,8/12/2016 22:45,0.218,17.54,10.55,12.23,5.96656,94,8.98,0.76,0,18.65,54.86,14.63,20.7874,0.07974,0.779912522,0.625888534,8/12/2016 22:47,2,0.7588,0.2065,0.2907,0.8424,0.0645,0.0497,0.1685,0.0026,2.126,0.7998,0.3964,0.0015,4.072,0.308,0.1257,5.2128,0.0115,0.0075,0.0325,107.5041,-88.8489,0.19,18.6553,8/12/2016 23:00,13,15
8/12/2016 14:00,188.46,8/12/2016 13:45,0.032,18.64,20.93,23.76,6.34554,85.6,8,0.14,-0.01,6.39,18.76,2.134,0.2095,-0.01468,0.779912522,0.625888534,8/12/2016 13:47,2,1.0449,0.3329,0.1069,1.6788,0.0282,0.019,0.0976,0.0223,4.1325,0.2649,0.5815,0.0015,2.1693,0.1686,0.0915,10.6269,0.0356,0.0051,0.0963,160.4953,-117.7085,0.3076,42.7868,8/12/2016 14:00,13,15
8/12/2016 15:00,7816.08,8/12/2016 14:45,0.19,18.9,21.47,24.24,6.35565,85.32,7.93,0.14,-0.01,6.04,17.71,9.144,6.7833,0.14399,0.779912522,0.625888534,8/12/2016 14:47,2,1.586,0.4408,0.9055,1.0029,0.2465,0.1823,0.2865,0.0198,2.1567,2.0831,0.3682,0.0015,10.1821,0.6924,0.2065,5.9196,0.0262,0.028,0.0325,211.906,-139.9395,0.4091,71.9664,8/12/2016 15:00,13,15
8/12/2016 21:00,14194.83,8/12/2016 20:45,0.152,17.93,11.27,12.96,6.08633,92.91,8.81,0.93,0.01,16.79,49.39,12.344,13.80445,0.08787,0.779912522,0.625888534,8/12/2016 20:47,2,0.9492,0.2476,0.4489,0.7722,0.0837,0.0709,0.2049,0.0026,1.9809,0.8062,0.3079,0.0015,5.9484,0.3163,0.1345,5.1445,0.0128,0.0173,0.0325,123.4054,-92.817,0.2829,30.5884,8/12/2016 21:00,13,15
8/13/2016 2:00,11014.8,8/13/2016 1:45,0.165,17.37,10.48,12.2,5.9669,93.64,8.98,0.37,-0.01,15.83,46.57,11.887,12.5019,0.03438,0.790563397,0.612380205,8/13/2016 1:47,2,0.725,0.2027,0.203,0.9065,0.0537,0.0402,0.1492,0.0026,2.3073,0.5802,0.3437,0.0015,3.4217,0.2323,0.1012,5.6564,0.0095,0.0025,0.0325,104.8051,-84.3462,0.2163,20.4589,8/13/2016 2:00,13,15
8/13/2016 6:00,6252.24,8/13/2016 5:45,0.101,17.18,10.26,11.99,6.07736,93.36,8.99,0.26,-0.01,14.78,43.47,9.449,7.1387,0.02119,0.790563397,0.612380205,8/13/2016 5:47,2,0.651,0.1901,0.186,1.0481,0.0496,0.0364,0.1334,0.0026,2.4605,0.2995,0.3595,0.0015,3.0772,0.1684,0.0996,5.2625,0.0061,0.0025,0.0325,105.274,-81.73,0.2518,23.544,8/13/2016 6:00,13,15
8/13/2016 11:00,4165.83,8/13/2016 10:45,0.066,16.81,10.37,12.21,6.13793,93.22,9.05,0.24,-0.01,13.93,40.97,7.925,4.6326,0.01082,0.790563397,0.612380205,8/13/2016 10:47,2,0.6515,0.2036,0.1612,1.044,0.0452,0.033,0.127,0.0059,2.6142,0.216,0.4026,0.0015,2.9505,0.1311,0.0778,5.552,0.0056,0.0063,0.0325,105.1973,-84.1682,0.2221,21.0291,8/13/2016 11:00,13,15
8/13/2016 20:00,7468.74,8/13/2016 19:45,0.055,16.26,9.87,11.75,6.10895,93.71,9.2,0.38,-0.01,14.17,41.67,10.058,8.3053,0.01167,0.790563397,0.612380205,8/13/2016 19:47,2,0.6172,0.1857,0.1466,0.9727,0.0462,0.0342,0.1293,0.0026,2.5349,0.1289,0.3764,0.0015,3.0387,0.1303,0.1003,5.2483,0.0053,0.0051,0.0325,98.4294,-80.8137,0.1966,17.6158,8/13/2016 20:00,13,15
8/13/2016 23:00,11246.58,8/13/2016 22:45,0.07,16.01,9.81,11.75,6.09929,93.98,9.27,0.36,-0.01,16.19,47.63,11.887,12.5019,0.03588,0.790563397,0.612380205,8/13/2016 22:47,2,0.6514,0.1941,0.1689,0.9631,0.0545,0.0415,0.1511,0.0026,2.4609,0.1704,0.3365,0.0015,3.4162,0.1439,0.1055,5.2411,0.0058,0.0088,0.0325,101.9643,-80.7034,0.2328,21.2609,8/13/2016 23:00,13,15
8/13/2016 13:00,7107.66,8/13/2016 12:45,0.078,16.7,10.46,12.34,6.10815,93.19,9.06,0.53,0,14.38,42.31,9.754,7.7022,0.03533,0.790563397,0.612380205,8/13/2016 12:47,2,0.678,0.2093,0.2287,0.9654,0.0554,0.0432,0.1464,0.0026,2.4348,0.2678,0.3811,0.0015,3.6669,0.1646,0.1025,5.1758,0.0062,0.0091,0.0325,106.225,-84.2439,0.2308,21.9811,8/13/2016 13:00,13,15
8/14/2016 1:00,19019.94,8/14/2016 0:45,0.074,15.87,9.48,11.38,6.06952,94.16,9.32,0.68,0,15.79,46.46,14.63,20.7874,0.04964,0.800980331,0.598690663,8/14/2016 0:47,2,0.6671,0.1941,0.1957,0.8986,0.0645,0.049,0.169,0.0026,2.3187,0.1867,0.3346,0.0015,3.9342,0.1677,0.1237,5.165,0.0066,0.013,0.0325,101.8639,-80.5412,0.2338,21.3227,8/14/2016 1:00,13,15
8/14/2016 5:00,17157.87,8/14/2016 4:45,0.046,15.77,9.28,11.15,5.99998,94.11,9.33,0.28,-0.01,15.83,46.6,14.326,19.7425,0.0174,0.800980331,0.598690663,8/14/2016 4:47,2,0.5654,0.1658,0.1251,0.8595,0.0553,0.0408,0.1423,0.0026,2.435,0.1296,0.3424,0.0015,3.1737,0.1245,0.0948,4.7219,0.0059,0.0052,0.0325,90.0257,-78.4611,0.1373,11.5645,8/14/2016 5:00,13,15
8/14/2016 9:00,10551.24,8/14/2016 8:45,0.037,16.32,9.38,11.13,6.04043,94.19,9.23,0.25,-0.01,15.15,44.55,11.582,11.7317,0.00956,0.800980331,0.598690663,8/14/2016 8:47,2,0.5977,0.1751,0.1212,0.9411,0.0508,0.0369,0.1399,0.0026,2.189,0.0718,0.3556,0.0015,3.0414,0.1268,0.1078,5.0565,0.0054,0.0025,0.0901,95.3514,-72.1177,0.2775,23.2337,8/14/2016 9:00,13,15
8/14/2016 13:00,6927.12,8/14/2016 12:45,0.035,17.14,9.67,11.26,6.08089,94.23,9.08,0.25,-0.01,14.47,42.56,9.754,7.7022,0.00492,0.800980331,0.598690663,8/14/2016 12:47,2,0.6003,0.1748,0.1043,0.9513,0.0464,0.0337,0.1283,0.0026,2.4727,0.0253,0.3663,0.0015,2.8568,0.1176,0.1057,5.1334,0.0045,0.0055,0.0325,94.8333,-76.6534,0.212,18.1799,8/14/2016 13:00,13,15
8/14/2016 2:00,19663.02,8/14/2016 1:45,0.068,15.79,9.52,11.45,6.03963,94.11,9.33,0.44,0,17.48,51.46,14.935,21.8634,0.0412,0.800980331,0.598690663,8/14/2016 1:47,2,0.6322,0.1839,0.1721,0.902,0.0578,0.0438,0.1569,0.0026,2.347,0.1213,0.3624,0.0031,3.6311,0.1706,0.1408,5.0502,0.0066,0.0109,0.0325,98.2387,-79.4966,0.2109,18.7421,8/14/2016 2:00,13,15
8/15/2016 2:00,3085.65,8/15/2016 1:45,0.036,17.15,10.44,12.15,6.11236,92.73,8.93,0.23,-0.01,12.84,37.76,7.01,3.4292,-0.00743,0.811160242,0.584823958,8/15/2016 1:47,2,0.6984,0.2118,0.1116,1.0274,0.0423,0.0225,0.1173,0.0054,2.4556,0.0914,0.3618,0.0015,2.5213,0.1279,0.1031,5.9263,0.0023,0.0072,0.0325,105.5171,-75.557,0.3309,29.9601,8/15/2016 2:00,13,15
8/15/2016 14:00,1692.81,8/15/2016 13:45,0.033,17.75,10.96,12.57,6.24373,96.29,9.16,0.22,-0.01,11.74,34.53,5.486,1.8831,-0.0133,0.811160242,0.584823958,8/15/2016 13:47,2,0.71,0.2188,0.0963,1.0688,0.0392,0.02,0.1066,0.0113,3.1553,0.0759,0.394,0.0015,2.2412,0.1384,0.1124,6.201,0.0022,0.0025,0.0325,108.1457,-89.3854,0.1899,18.7602,8/15/2016 14:00,13,15
8/15/2016 9:45,2191.05,8/15/2016 9:30,0.033,16.61,10.54,12.41,6.17325,94.12,9.17,0.23,-0.01,12.38,36.43,6.096,2.4352,-0.01389,0.811160242,0.584823958,8/15/2016 9:33,3,0.6539,0.2032,0.1114,1.1503,0.0411,0.0227,0.1072,0.0026,2.9922,0.0642,0.3722,0.0015,2.4109,0.1247,0.1097,6.1043,0.001,0.0025,0.0325,107.976,-108.7324,-0.007,-0.7564,8/15/2016 9:45,12,15
8/16/2016 14:00,914.4,8/16/2016 13:45,0.035,16.09,11.86,14.11,6.24646,93.24,9.19,0.25,-0.01,10.88,32.03,4.267,1.0166,-0.02849,0.821100118,0.570784194,8/16/2016 13:47,2,0.7863,0.2527,0.1043,1.2003,0.0358,0.0181,0.101,0.0119,3.0462,0.0253,0.3856,0.0015,2.5646,0.14,0.1188,7.1364,0.0032,0.0025,0.0325,120.3207,-87.6776,0.3139,32.6431,8/16/2016 14:00,13,15
8/22/2016 10:00,12709.44,8/22/2016 9:45,0.041,15.06,8.99,10.74,6.11239,94.76,9.54,0.35,-0.01,16.1,47.45,12.497,14.1301,-0.01141,0.875538993,0.483147464,8/22/2016 9:47,2,0.6403,0.1922,0.1104,0.9582,0.0526,0.0292,0.1409,0.0026,2.5949,0.0253,0.3705,0.0015,3.0409,0.1412,0.1293,5.5853,0.0071,0.0208,0.0325,99.4105,-97.4353,0.0201,1.9751,8/22/2016 10:00,13,15
8/29/2016 10:10,422.82,8/29/2016 10:00,0.038,16.82,13.87,15.89,6.33154,90.42,8.77,0.27,-0.01,10.34,30.51,3.048,0.4701,-0.0537,0.927237546,0.374473674,8/29/2016 10:03,3,0.8051,0.2476,0.1138,1.4356,0.0296,0.0147,0.0846,0.0026,3.4559,0.1651,0.4251,0.0015,1.9186,0.1213,0.0828,7.7567,0.001,0.0025,0.0325,129.8552,-135.7481,-0.0444,-5.8929,8/29/2016 10:10,7,10
9/12/2016 11:25,127.35,9/12/2016 11:15,0.034,13.34,14.81,18.09,6.38992,86.98,9.1,0.35,-0.01,11.54,34.2,1.829,0.1416,-0.05713,0.989793603,0.142508328,9/12/2016 11:18,3,0.8667,0.3072,0.1349,1.5602,0.0285,0.0152,0.0885,0.0026,3.5973,0.062,0.523,0.0015,1.9106,0.0495,0.0561,8.9825,0.0114,0.0025,0.0325,143.7158,-155.8493,-0.081,-12.1335,9/12/2016 11:25,7,10
9/19/2016 11:10,527.22,9/19/2016 11:00,0.058,14.84,15.3,17.82,6.39901,92.43,9.35,0.35,-0.01,13.19,39.11,3.353,0.5862,-0.04316,0.999745124,0.022576263,9/19/2016 11:03,3,0.8488,0.311,0.2239,1.4208,0.0294,0.0182,0.0939,0.0026,3.4454,0.1765,0.5478,0.0015,2.3613,0.0495,0.0538,8.0783,0.0028,0.0025,0.0688,139.3302,-160.4841,-0.1411,-21.1539,9/19/2016 11:10,7,10
9/27/2016 9:55,639.27,9/27/2016 9:45,0.083,10.53,14.03,19.38,6.53903,92.75,10.29,0.53,0.02,14.95,43.9,3.658,0.7108,0.01618,0.993390055,-0.114787626,9/27/2016 9:47,2,1.0811,0.4089,0.3499,1.7351,0.0262,0.0142,0.1082,0.0075,3.4028,0.3243,0.5254,0.0015,2.3165,0.1157,0.0366,9.8377,0.001,0.0106,0.0325,175.7791,-165.5279,0.0601,10.2512,9/27/2016 9:55,8,10
10/3/2016 9:45,127.35,10/3/2016 9:30,0.023,10.27,16.69,23.23,6.54783,87.02,9.66,0.35,0.02,9.33,27.35,1.829,0.1416,-0.01353,0.976276611,-0.216527085,10/3/2016 9:33,3,1.1315,0.4313,0.1931,1.8484,0.0166,0.006,0.0688,0.0055,4.0066,0.1235,0.4869,0.0015,1.57,0.0495,0.0426,11.1275,0.0054,0.0099,0.0325,179.8307,-182.6405,-0.0155,-2.8098,10/3/2016 9:45,12,15
10/11/2016 10:50,127.35,10/11/2016 10:45,0.021,7.9,16.95,25.17,6.44278,78.32,9.14,0.39,0.02,8.83,25.9,1.829,0.1416,0.00257,0.937341938,-0.348410807,10/11/2016 10:47,2,1.0623,0.4098,0.2856,1.5398,0.0197,0.006,0.0604,0.0055,4.3983,0.0253,0.5318,0.0015,1.6386,0.0495,0.0647,9.414,0.0029,0.0097,0.0325,163.8528,-198.8231,-0.1928,-34.9703,10/11/2016 10:50,3,5
10/17/2016 9:20,249.66,10/17/2016 9:15,0.012,8.85,17.97,25.98,6.33168,72.65,8.21,0.23,0.02,7.64,22.45,2.438,0.2775,0.02818,0.896456258,-0.443132234,10/17/2016 9:18,3,0.9126,0.4566,0.7484,1.8021,0.0243,0.0125,0.0861,0.0026,4.153,0.0896,0.5781,0.0015,2.5634,0.0495,0.0661,8.7193,0.0056,0.0213,0.0325,183.8224,-204.3815,-0.1059,-20.5591,10/17/2016 9:20,2,5
10/21/2016 14:15,639.27,10/21/2016 14:00,0.025,10.18,19.06,26.58,6.38384,76.89,8.38,0.11,0.02,11.62,34.19,3.658,0.7108,0.05572,0.863867099,-0.503719799,10/21/2016 14:03,3,1.1497,0.4603,0.9818,1.5212,0.0251,0.0168,0.0911,0.0026,4.1441,0.0253,0.8069,0.0015,3.5927,0.0495,0.0882,8.4757,0.0107,0.0085,0.0325,189.8507,-219.4589,-0.1447,-29.6082,10/21/2016 14:15,12,15
10/21/2016 21:00,4860.81,10/21/2016 20:45,0.05,11.2,15.48,21.02,6.34331,89.65,9.57,0.38,0.03,22.14,65.21,8.23,5.08,0.15491,0.863867099,-0.503719799,10/21/2016 20:47,2,0.9563,0.3419,1.6824,1.1648,0.0538,0.0386,0.1764,0.0079,3.2812,0.1072,0.7814,0.0015,6.4417,0.1989,0.1686,6.36,0.0166,0.025,0.0325,176.4724,-124.4391,0.3458,52.0332,10/21/2016 21:00,13,15
10/21/2016 23:00,10551.24,10/21/2016 22:45,0.108,11.35,13.36,18.07,6.27315,91.58,9.74,0.49,0.03,27.71,81.64,11.582,11.7317,0.17165,0.863867099,-0.503719799,10/21/2016 22:47,2,0.7312,0.2597,1.3259,0.9998,0.0624,0.0423,0.1832,0.0138,2.8028,0.2638,0.7606,0.0015,5.7913,0.2193,0.1491,5.4482,0.0147,0.0198,0.0325,143.5171,-153.5674,-0.0677,-10.0503,10/21/2016 23:00,13,15
10/22/2016 5:00,4569.66,10/22/2016 4:45,0.023,11.44,11.97,16.16,6.25269,90.28,9.58,0.17,0.02,19.22,56.63,8.23,5.08,0.0852,0.855074509,-0.518505144,10/22/2016 4:47,2,0.6434,0.2379,0.9809,1.0257,0.043,0.0282,0.1343,0.0158,3.0225,0.0253,0.6992,0.0015,4.0925,0.1261,0.1146,5.6464,0.0113,0.0213,0.0325,127.5436,-103.6669,0.2065,23.8767,10/22/2016 5:00,13,15
10/22/2016 11:00,2468.7,10/22/2016 10:45,0.018,11.46,11.81,15.93,6.30222,90.2,9.57,0.14,0.02,17.45,51.39,6.401,2.7439,0.06971,0.855074509,-0.518505144,10/22/2016 10:47,2,0.633,0.2374,0.7767,1.0507,0.0308,0.0211,0.1224,0.0187,3.1497,0.0253,0.7023,0.0015,3.9228,0.1143,0.0994,6.0479,0.0094,0.0139,0.0325,121.6979,-105.5564,0.1421,16.1414,10/22/2016 11:00,13,15
10/22/2016 1:00,7468.74,10/22/2016 0:45,0.068,11.41,12.34,16.66,6.223,91.26,9.69,0.28,0.02,21.71,63.94,10.058,8.3053,0.11193,0.855074509,-0.518505144,10/22/2016 0:47,2,0.5935,0.2162,1.1162,0.9402,0.0485,0.0335,0.1432,0.0115,2.7994,0.1403,0.6975,0.0015,4.8503,0.1773,0.1367,5.2388,0.012,0.0224,0.0325,123.5117,-104.6193,0.1656,18.8924,10/22/2016 1:00,13,15
10/24/2016 10:30,1692.81,10/24/2016 10:15,0.014,6.62,9.69,14.94,6.29852,91.94,11,0.3,0.03,14.86,43.74,5.486,1.8831,0.03584,0.836732914,-0.547611204,10/24/2016 10:18,3,0.662,0.2634,0.4507,1.2165,0.0366,0.0206,0.1136,0.0026,3.2399,0.0253,0.5793,0.0015,2.5147,0.0495,0.0911,6.4686,0.0083,0.0107,0.0706,124.1223,-129.3241,-0.041,-5.2018,10/24/2016 10:30,12,15
10/25/2016 9:45,1471.32,10/25/2016 9:30,0.012,5.59,9.01,14.32,6.26671,93.15,11.45,0.28,0.03,14.68,43.24,5.182,1.6367,0.0303,0.827189337,-0.561923305,10/25/2016 9:33,3,0.607,0.2396,0.3502,1.0304,0.0325,0.0215,0.1054,0.0068,3.1561,0.0253,0.511,0.0015,2.9825,0.0495,0.0879,5.9369,0.0084,0.0246,0.0325,108.3876,-92.5922,0.1572,15.7953,10/25/2016 9:45,12,15
10/31/2016 9:45,4165.83,10/31/2016 9:30,0.011,5.5,7.65,12.19,6.05549,94.35,11.58,0.26,0.03,16.53,48.72,7.925,4.6326,0.03622,0.76489139,-0.644159267,10/31/2016 9:33,3,0.4683,0.1756,0.241,0.9904,0.0476,0.0226,0.1268,0.0304,2.7921,0.0253,0.6202,0.0015,2.9351,0.1186,0.0895,5.1141,0.0063,0.0104,0.0325,95.4569,-107.9572,-0.1229,-12.5003,10/31/2016 9:45,12,15
11/3/2016 13:00,48215.88,11/3/2016 12:45,0.005,8.05,8.6,12.72,5.94,93.86,11.1,0.9,0.01,22.79,67.93,21.4885,53.29785,0.19257,0.730644497,-0.682758097,11/3/2016 12:47,2,0.5364,0.1916,0.5083,0.7754,0.0869,0.0466,0.2195,0.0075,2.4227,0.069,0.5124,0.0015,4.6511,0.1442,0.1227,4.8626,0.0129,0.0129,0.0325,100.7505,-89.4091,0.1193,11.3414,11/3/2016 13:00,13,15
11/3/2016 14:30,48770.64,11/3/2016 14:15,0.021,8.13,8.11,11.97,5.84,94,11.1,0.69,0.01,23.49,70.05,21.641,54.2238,0.16094,0.730644497,-0.682758097,11/3/2016 14:18,3,0.5727,0.2029,0.4777,0.8188,0.0814,0.059,0.2373,0.0065,2.3856,0.0595,0.5783,0.0015,4.7522,0.1479,0.1294,5.2072,0.0135,0.0138,0.0325,104.0586,-90.8472,0.1356,13.2115,11/3/2016 14:30,12,15
11/3/2016 17:30,35933.97,11/3/2016 17:15,0.011,8.08,7.89,11.66,5.83,93.98,11.11,0.37,0,23.93,71.37,19.2025,40.47885,0.13657,0.730644497,-0.682758097,11/3/2016 17:18,3,0.537,0.1914,0.3617,0.7733,0.0889,0.0434,0.2104,0.0384,2.4129,0.0253,0.7326,0.0015,4.4898,0.1559,0.1227,4.9692,0.0124,0.0101,0.0325,98.7539,-93.9063,0.0503,4.8476,11/3/2016 17:30,12,15
11/3/2016 22:30,23828.76,11/3/2016 22:15,0.007,7.61,7.69,11.52,5.81,94.04,11.25,0.33,0,23.1,68.85,16.154,26.496,0.1166,0.730644497,-0.682758097,11/3/2016 22:18,3,0.5631,0.1971,0.3005,0.7964,0.0759,0.0384,0.2026,0.0105,2.43,0.0253,0.5958,0.0015,3.9322,0.1315,0.122,5.056,0.012,0.0094,0.0325,97.0813,-98.4141,-0.0136,-1.3328,11/3/2016 22:30,12,15
11/3/2016 13:30,53975.16,11/3/2016 13:15,0.015,8.08,8.32,12.3,5.88,93.96,11.11,1.33,0.02,22.23,66.24,22.555,60.0061,0.17416,0.730644497,-0.682758097,11/3/2016 13:18,3,0.5452,0.1972,0.5361,0.7878,0.0846,0.049,0.2175,0.0026,2.4306,0.0588,0.5097,0.0015,4.8151,0.1362,0.1193,4.8967,0.0133,0.0159,0.0325,102.3359,-106.7532,-0.0423,-4.4172,11/3/2016 13:30,12,15
11/7/2016 11:00,2766.6,11/7/2016 10:45,0.002,4.6,7.74,12.67,6.07,95.54,12.32,0.13,-0.01,15.57,46.28,6.706,3.0752,0.07189,0.681972149,-0.731378143,11/7/2016 10:47,2,0.6146,0.2011,0.18,0.8931,0.0488,0.0254,0.1223,0.0026,2.8177,0.0253,0.5404,0.0015,2.7221,0.0495,0.0831,5.3354,0.001,0.0025,0.0325,97.3777,-108.1733,-0.105,-10.7956,11/7/2016 11:00,13,15
11/14/2016 11:25,1268.82,11/14/2016 11:15,0.004,4.84,8.54,13.85,6.21,94,12.03,0.14,-0.01,12.49,37.05,4.877,1.4102,0.05654,0.589176087,-0.808004665,11/14/2016 11:18,3,0.6128,0.2042,0.1534,0.9266,0.0401,0.0206,0.1014,0.0026,3.062,0.0253,0.5219,0.0015,2.2801,0.0495,0.0808,5.582,0.001,0.0025,0.0325,97.2158,-113.2273,-0.1522,-16.0116,11/14/2016 11:25,7,10
11/21/2016 10:45,3784.23,11/21/2016 10:30,0.004,3.59,7.57,12.78,6.14,92.39,12.19,0.16,-0.01,13.56,40.27,7.62,4.2079,0.05731,0.487847145,-0.872929071,11/21/2016 10:33,3,0.6067,0.1955,0.1227,0.817,0.044,0.0212,0.1024,0.0026,2.9117,0.0253,0.5875,0.0015,1.9361,0.0495,0.0562,5.221,0.001,0.0025,0.0325,91.0991,-104.8306,-0.1402,-13.7315,11/21/2016 10:45,12,15
11/28/2016 10:10,2191.05,11/28/2016 10:00,0.01,1.9,7.35,13.14,6.17,94.82,13.08,0.15,-0.01,11.91,35.3,6.096,2.4352,0.04897,0.379452844,-0.925211078,11/28/2016 10:03,3,0.6859,0.2249,0.112,0.8935,0.0359,0.0174,0.1013,0.0026,2.9975,0.0599,0.5087,0.0015,1.8647,0.0495,0.0655,5.8197,0.001,0.0025,0.0325,99.9153,-107.2923,-0.0712,-7.377,11/28/2016 10:10,7,10
12/5/2016 11:15,7468.74,12/5/2016 11:00,0.02,1.38,6.06,11.01,5.86,94.82,13.25,0.28,0,14.92,44.33,10.058,8.3053,0.05685,0.265563028,-0.964093501,12/5/2016 11:03,3,0.5923,0.1866,0.1003,0.7255,0.0558,0.0251,0.1374,0.0078,2.4417,0.0804,0.4901,0.0015,2.5349,0.1144,0.0901,5.0136,0.0034,0.0025,0.0325,87.3781,-95.4774,-0.0886,-8.0993,12/5/2016 11:15,12,15
12/12/2016 12:30,3423.78,12/12/2016 12:15,0.035,0.51,6.36,11.94,6,93.79,13.41,0.25,0,12.07,35.81,7.315,3.8058,0.0452,0.147827133,-0.989013215,12/12/2016 12:18,3,0.651,0.2001,0.1066,0.7598,0.0455,0.0233,0.1117,0.0026,2.7712,0.1292,0.4924,0.0015,1.9302,0.1089,0.0777,5.3227,0.001,0.0058,0.0325,91.6321,-98.5679,-0.0729,-6.9358,12/12/2016 12:30,12,15
12/19/2016 11:30,9465.45,12/19/2016 11:15,0.041,0.37,5.92,11.15,5.86,97.17,13.93,0.19,0,14.68,43.63,11.887,12.5019,0.05417,0.027950298,-0.999609314,12/19/2016 11:18,3,0.5954,0.1805,0.1044,0.7748,0.0463,0.0257,0.1311,0.0082,2.5826,0.1729,0.4654,0.0015,2.436,0.1237,0.0782,4.9259,0.0022,0.0025,0.0325,88.6276,-98.2133,-0.1026,-9.5858,12/19/2016 11:30,12,15
12/27/2016 11:05,11016.24,12/27/2016 11:00,0.077,1.74,6.38,11.43,5.9,94.27,12.98,0.25,0,12.73,37.8,11.582,11.7317,0.04901,-0.109445769,-0.993992768,12/27/2016 11:03,3,0.648,0.1899,0.0971,0.7111,0.0541,0.0244,0.129,0.0026,2.5241,0.2817,0.5533,0.0015,2.2617,0.1186,0.0551,4.5197,0.005,0.0025,0.0325,89.6248,-84.1585,0.0629,5.4663,12/27/2016 11:05,2,5
